f1,f2,f3,f4,f5,f6,f7,f8,f9,f10,f11,f12,f13,f14,f15,f16,f17,f18,f19,f20,f21,f22,f23,f24,label
3,9,1,4,3,3,3,2,2,33,2,1,2,1,1,0,0,1,0,0,1,0,1,0,1
3,39,4,60,2,4,3,2,3,25,3,2,1,1,1,0,0,1,0,0,1,0,0,1,0
2,24,3,17,1,2,2,3,2,37,3,2,1,1,1,0,0,1,0,0,1,0,0,1,1
4,33,4,54,2,3,2,3,2,35,3,2,1,1,1,0,0,1,0,0,1,0,1,0,0
2,23,4,26,2,4,3,3,2,47,2,2,1,1,1,0,0,1,0,0,1,0,1,0,0
2,22,2,11,1,3,3,3,2,28,3,1,1,1,1,1,0,1,0,1,0,0,1,0,1
2,13,3,12,1,5,3,4,1,30,3,2,1,1,1,0,0,1,0,1,0,0,1,0,0
4,19,3,29,2,3,3,2,1,36,2,2,1,1,1,1,0,1,0,0,1,0,0,1,0
3,13,2,4,1,2,3,3,2,32,2,1,1,2,1,0,0,1,0,1,0,0,0,0,0
3,18,3,16,2,3,3,3,3,31,3,1,1,1,1,0,0,1,0,0,1,0,0,1,0
2,30,3,44,2,2,3,2,3,20,3,2,2,1,1,0,0,0,1,0,1,0,0,1,1
4,29,2,24,2,4,3,3,3,21,3,1,1,1,1,0,0,1,0,0,1,0,0,1,0
4,10,3,33,2,4,3,1,3,33,3,1,1,1,1,1,0,1,0,0,1,0,0,1,0
2,12,4,29,3,3,2,2,2,38,2,2,1,2,1,1,0,1,0,1,0,0,0,1,0
3,25,3,24,3,3,3,2,2,35,3,2,1,1,1,0,0,1,0,0,1,0,0,1,0
3,23,3,30,3,2,3,2,2,27,3,2,1,1,1,0,0,1,0,0,1,0,0,1,0
2,32,1,18,1,3,2,3,2,37,2,1,1,1,1,0,0,1,0,0,1,0,0,1,1
4,24,2,48,2,4,3,3,3,26,3,1,1,1,1,0,1,1,0,0,1,0,0,1,0
2,6,3,21,2,3,3,3,2,29,3,2,1,1,1,0,0,1,0,0,1,0,0,1,0
2,9,2,5,3,3,3,3,2,33,2,1,1,2,1,0,0,1,0,1,0,0,0,1,0
3,6,2,17,3,4,3,3,1,44,3,1,1,1,1,0,0,1,0,0,1,0,0,1,0
2,28,2,60,3,4,2,4,2,25,3,1,1,1,1,0,1,1,0,1,0,0,0,1,0
3,28,3,39,3,4,3,2,3,25,3,2,1,1,1,0,0,1,0,0,1,0,0,1,0
2,13,3,7,3,4,2,3,2,48,3,2,1,2,1,0,0,1,0,0,1,0,1,0,0
3,32,3,48,2,4,3,3,4,31,3,1,1,2,1,1,0,1,0,0,0,0,0,0,0
3,14,4,4,3,4,2,4,3,37,3,2,1,1,1,0,0,1,0,0,1,0,0,1,0
4,10,2,4,3,4,3,2,2,42,2,1,1,2,1,0,0,1,0,0,1,0,0,1,0
3,10,4,19,3,3,3,1,1,32,3,3,2,1,1,0,0,1,0,0,1,0,1,0,0
4,11,3,11,2,3,3,2,2,28,3,2,1,1,1,0,0,1,0,0,1,0,0,1,0
1,20,2,84,2,3,2,3,2,24,3,2,1,1,1,0,0,1,0,0,1,0,1,0,1
2,49,2,44,1,3,3,2,3,29,3,1,1,1,1,0,0,1,0,0,1,0,0,1,1
4,31,2,65,4,5,3,3,3,29,3,1,1,1,1,0,0,1,0,0,1,0,0,1,0
3,44,3,135,3,4,3,2,3,25,3,1,1,2,1,0,0,1,0,0,1,0,0,1,0
2,12,4,12,1,2,2,1,3,27,3,2,1,1,1,0,0,1,0,0,1,0,0,1,0
4,37,2,30,4,3,2,4,3,39,3,1,1,2,1,1,0,1,0,0,1,0,0,1,0
4,12,3,12,2,3,2,2,2,37,3,2,1,1,1,1,0,1,0,0,1,0,1,0,0
3,12,2,30,2,3,2,2,2,33,3,1,1,2,1,1,0,1,0,0,1,0,0,1,0
3,11,2,4,2,4,3,3,2,35,3,2,1,2,1,0,0,1,0,0,1,0,0,0,0
3,8,4,4,4,5,3,4,2,42,3,2,1,2,1,0,0,1,0,0,1,0,0,1,0
2,25,2,30,4,4,3,2,4,30,2,1,1,1,1,0,0,1,0,0,1,0,0,1,0
2,35,3,48,1,4,2,4,4,40,3,2,1,2,1,0,0,1,0,0,1,0,0,0,1
3,32,2,31,3,3,2,2,2,35,2,1,1,2,1,0,0,1,0,0,1,0,0,1,0
2,14,4,31,1,3,3,3,2,40,2,2,1,1,1,1,0,1,0,0,1,0,1,0,0
3,19,2,22,2,4,3,4,3,40,2,2,1,2,1,0,0,1,0,0,1,0,0,1,0
2,39,2,51,2,3,2,1,2,35,3,1,1,2,1,0,0,1,0,0,1,0,0,1,0
4,23,2,31,3,4,3,2,3,31,3,1,2,2,1,0,0,1,0,0,1,0,0,1,0
4,29,3,45,2,4,4,2,3,28,3,2,1,1,1,0,0,1,0,0,1,0,0,1,0
2,10,2,18,1,4,3,3,3,30,3,1,1,2,1,0,0,1,0,1,0,0,0,1,0
2,28,3,26,2,4,3,2,3,30,3,2,1,1,1,0,0,1,0,0,0,0,0,1,0
4,31,3,47,1,4,3,4,3,34,3,2,1,2,1,0,1,1,0,0,1,0,0,1,0
2,38,0,66,2,3,3,2,3,40,3,1,2,2,1,0,0,1,0,0,1,0,0,1,1
4,43,4,72,3,4,2,2,4,33,2,2,1,2,1,0,0,1,0,0,0,0,0,0,0
4,24,3,25,2,3,3,3,2,46,3,2,1,2,1,1,0,1,0,0,1,0,0,1,0
3,6,2,21,2,3,2,2,2,34,3,1,1,1,1,0,0,1,0,0,1,0,0,1,0
4,13,4,19,2,3,2,3,1,31,3,1,1,1,1,0,0,1,0,0,1,0,0,1,0
2,17,4,27,4,3,3,3,4,34,3,2,1,1,1,0,0,1,0,0,1,0,0,1,0
2,29,2,21,3,2,2,2,2,30,3,1,1,1,1,1,0,1,0,0,1,0,1,0,1
3,23,3,29,3,5,2,2,3,32,3,1,2,1,1,1,0,1,0,0,1,0,0,1,0
4,27,3,34,3,3,3,2,2,24,3,1,1,1,1,0,0,1,0,0,1,0,0,1,0
4,26,2,35,2,4,3,3,3,35,3,1,1,2,1,0,0,1,0,0,1,0,0,1,0
1,23,3,13,5,3,2,2,2,30,3,2,1,1,1,1,0,1,0,0,1,0,0,1,1
3,21,3,23,3,3,3,3,2,37,2,2,1,1,1,0,0,1,0,0,1,0,0,1,0
4,20,4,31,4,5,2,3,4,37,3,1,1,2,1,0,0,1,0,1,0,0,0,0,0
2,16,3,26,1,3,3,3,3,28,3,2,1,2,1,1,0,1,0,1,0,0,0,1,1
4,19,2,13,3,5,3,3,1,39,3,1,1,1,1,0,0,1,0,0,1,0,0,1,0
2,24,2,49,1,2,3,3,2,30,3,1,1,2,1,0,0,1,0,1,0,0,1,0,1
2,21,2,14,3,3,2,3,3,43,3,1,1,1,1,0,0,1,0,0,1,0,0,1,1
2,33,3,54,4,2,3,2,2,27,3,2,1,1,1,0,0,1,0,0,1,0,0,1,1
2,13,2,9,2,2,3,2,2,20,2,1,1,1,1,0,0,1,0,1,0,0,0,1,1
4,15,3,25,3,4,3,2,2,29,2,1,1,1,1,0,0,1,0,0,1,0,0,1,0
4,17,2,30,2,4,3,2,4,32,3,1,1,2,1,0,0,1,0,0,0,0,0,1,0
4,11,2,20,2,3,2,3,3,29,3,1,1,1,1,0,0,1,0,0,1,0,0,0,0
4,15,2,15,1,3,3,3,3,47,2,2,1,1,1,0,0,1,0,0,1,0,0,1,0
3,10,2,11,2,2,3,2,2,26,3,1,1,1,2,0,0,1,0,1,0,0,0,1,0
3,23,3,18,2,3,2,1,3,30,3,2,1,2,1,0,0,1,0,0,1,0,0,1,0
3,13,2,21,1,3,3,3,2,23,3,1,1,1,1,0,0,1,0,1,0,0,0,1,0
2,24,2,30,3,4,3,1,3,30,3,1,1,1,1,0,1,1,0,0,1,0,0,1,0
3,24,3,39,1,3,2,3,3,31,3,2,1,2,1,0,0,1,0,0,1,0,0,1,0
3,27,2,60,2,3,3,2,2,37,2,1,1,2,1,0,0,1,0,0,1,0,0,1,0
2,14,3,22,1,3,3,3,1,26,2,2,1,2,1,0,0,1,0,0,1,0,1,0,0
3,19,2,37,2,3,2,4,3,27,3,1,1,1,1,0,0,1,0,1,0,0,0,1,0
3,12,3,56,2,3,3,1,2,35,3,2,1,1,2,0,0,0,1,1,0,0,1,0,0
3,7,4,18,2,3,2,2,2,33,3,2,1,1,1,0,0,1,0,0,1,0,0,1,0
3,13,2,17,3,5,3,3,3,35,3,1,1,1,1,0,0,1,0,0,1,0,0,1,0
2,29,3,28,1,3,2,3,3,30,3,2,1,2,1,1,0,1,0,0,1,0,0,1,0
3,44,1,44,3,3,3,4,4,37,3,1,1,2,1,0,0,1,0,0,0,0,0,1,0
3,19,2,23,4,5,3,3,2,36,3,1,1,1,1,0,0,1,0,0,1,0,0,1,0
3,27,2,36,2,4,3,2,3,21,3,1,1,1,1,0,0,1,0,0,1,0,0,1,0
2,46,3,44,1,3,3,2,3,20,3,2,1,1,1,0,0,1,0,0,1,0,0,1,1
4,14,3,51,2,3,2,2,2,32,3,2,1,1,1,1,0,1,0,0,1,0,0,1,0
2,9,1,14,2,3,3,2,1,33,3,1,1,1,1,1,0,1,0,0,1,0,1,0,1
4,19,3,27,2,5,3,3,2,31,2,1,1,2,1,0,0,1,0,1,0,0,0,1,0
4,26,2,34,4,5,3,2,2,46,3,2,1,2,1,0,0,1,0,0,1,0,0,1,0
3,20,2,46,1,4,3,3,4,33,3,1,1,2,1,0,0,1,0,1,0,0,0,1,0
4,31,2,61,2,3,3,1,2,44,3,1,1,2,1,0,0,1,0,0,1,0,0,1,0
3,6,2,20,1,3,4,1,1,27,3,1,1,1,1,0,0,1,0,0,1,0,0,1,0
2,17,2,29,3,3,3,3,3,23,3,1,1,1,1,0,0,1,0,0,1,0,0,1,0
3,42,2,50,2,2,3,2,2,26,2,1,1,1,1,0,0,1,0,0,1,0,0,1,0
4,31,3,37,3,5,2,2,2,41,3,2,1,2,1,0,0,1,0,0,1,0,0,1,0
3,30,2,28,2,3,3,2,3,26,2,1,1,1,1,0,0,1,0,0,1,0,0,1,0
2,25,3,30,3,3,3,3,2,20,2,2,1,2,1,0,0,0,1,0,1,0,0,1,0
3,33,2,37,3,3,3,1,3,27,3,1,1,1,1,0,0,1,0,0,1,0,0,1,0
3,15,3,21,2,4,3,3,1,36,2,2,1,1,1,0,0,1,0,0,1,0,1,0,0
3,14,2,11,2,4,3,3,2,36,3,1,1,1,1,0,0,1,0,0,1,0,1,0,0
3,10,3,4,3,4,2,2,2,47,3,2,1,1,1,1,0,1,0,0,1,0,1,0,0
1,8,2,4,1,4,3,4,3,36,3,1,2,1,1,0,0,1,0,1,0,0,1,0,1
4,25,2,29,1,4,3,2,3,25,3,1,1,1,1,0,0,1,0,0,1,0,0,1,0
1,42,1,61,2,5,3,3,3,45,2,1,1,1,1,0,0,1,0,0,1,0,0,1,1
3,31,2,40,1,4,3,2,2,33,3,2,1,2,1,0,0,1,0,1,0,0,0,1,0
2,22,4,36,2,4,2,3,3,36,3,2,1,2,1,0,0,1,0,0,1,0,0,1,0
3,37,3,59,3,4,3,2,3,37,3,2,1,1,1,0,0,1,0,0,1,0,0,1,0
3,10,3,26,1,4,3,1,2,30,2,2,1,1,1,0,0,1,0,0,1,0,0,1,0
4,12,4,16,3,3,2,2,3,34,3,1,1,1,1,0,0,1,0,0,1,0,0,1,0
4,16,4,30,4,3,3,3,2,33,2,2,1,1,1,0,0,1,0,0,1,0,0,1,0
3,18,2,31,2,4,3,2,3,20,3,1,1,1,1,0,0,1,0,0,1,0,0,1,0
2,31,4,65,2,4,3,3,4,37,3,2,1,2,1,1,0,1,0,0,1,0,0,0,0
2,33,3,47,2,4,2,3,3,29,3,2,1,2,1,0,0,1,0,0,1,0,0,0,1
4,26,4,35,2,4,3,4,4,38,2,1,1,2,1,0,0,1,0,0,0,0,0,1,0
4,30,2,45,1,3,2,2,3,26,2,1,1,1,1,0,0,1,0,0,1,0,0,1,0
3,7,2,22,3,3,3,3,2,44,3,1,2,1,1,0,0,1,0,0,1,0,1,0,0
3,8,3,16,3,3,2,3,2,36,3,1,1,1,1,0,0,1,0,0,1,0,1,0,0
3,32,2,28,1,4,3,2,2,28,3,1,1,1,1,0,0,1,0,0,1,0,0,1,0
4,29,3,41,1,3,3,2,3,28,3,2,1,1,1,0,0,1,0,0,1,0,0,1,0
3,28,1,28,2,5,3,4,3,39,2,1,1,1,1,0,0,1,0,0,1,0,0,1,0
3,13,2,19,2,3,3,2,2,29,3,1,1,2,1,0,0,1,0,0,1,0,0,1,0
3,13,3,45,1,4,2,2,3,42,3,2,1,2,1,0,0,0,1,0,1,0,0,0,0
2,23,3,43,1,3,2,1,3,25,2,2,1,1,1,0,0,1,0,0,1,0,0,1,1
3,37,3,42,1,5,2,2,4,24,3,2,1,1,1,0,0,1,0,0,1,0,0,1,0
2,31,1,38,3,4,3,3,3,31,2,1,1,2,1,0,0,1,0,1,0,0,0,1,0
3,30,4,72,2,3,3,3,4,28,3,2,1,2,1,0,1,1,0,0,1,0,0,0,0
3,29,4,34,3,3,2,3,2,36,3,2,1,2,1,1,0,1,0,0,1,0,0,1,0
2,19,2,22,2,3,4,3,1,32,1,1,1,1,1,0,0,1,0,1,0,0,1,0,1
2,12,4,36,2,4,3,4,2,36,3,2,1,2,1,0,0,1,0,0,1,0,0,1,0
4,35,3,46,2,5,3,4,4,36,3,1,1,1,1,0,1,1,0,0,0,0,0,1,0
3,19,1,16,3,4,2,4,1,49,2,1,1,2,1,0,0,1,0,0,1,0,0,1,0
1,31,1,38,1,2,3,2,2,27,3,1,1,1,1,0,0,1,0,1,0,0,0,1,1
3,32,3,37,2,3,3,2,3,26,3,2,1,1,1,0,0,1,0,0,1,0,0,1,0
3,18,1,25,3,4,3,1,3,30,1,1,1,1,1,1,0,1,0,0,1,0,0,1,0
3,38,2,46,1,4,3,2,2,30,3,1,1,1,1,0,0,1,0,0,1,0,0,1,0
3,6,3,4,1,5,2,4,3,35,3,2,1,1,1,1,0,1,0,0,1,0,0,1,0
4,20,2,35,4,3,3,2,3,26,3,1,1,1,1,0,1,1,0,0,1,0,0,1,0
2,24,4,36,3,5,2,3,3,41,3,2,1,2,1,0,0,1,0,0,1,0,0,1,0
4,20,4,20,2,3,3,1,2,37,3,2,1,1,1,0,0,1,0,0,1,0,1,0,0
2,12,1,4,2,2,3,2,3,31,2,1,1,1,1,0,0,1,0,0,1,0,0,1,0
3,30,3,54,2,2,2,2,3,34,3,2,1,1,1,0,0,1,0,0,1,0,0,1,0
3,34,2,37,3,3,4,2,3,28,3,1,1,1,1,0,0,1,0,0,1,0,0,1,0
2,11,4,28,2,4,3,3,2,44,2,2,1,2,1,1,0,1,0,0,1,0,0,1,1
4,10,3,7,1,4,3,1,1,29,3,1,1,1,1,0,0,1,0,0,1,0,0,1,0
4,23,2,17,2,3,3,2,3,33,3,1,1,2,1,0,0,1,0,0,1,0,0,1,0
3,16,1,21,3,4,3,3,3,28,2,1,1,2,1,0,0,1,0,0,1,0,0,0,0
3,10,3,21,2,3,3,2,2,27,3,2,1,1,1,0,0,1,0,0,1,0,0,1,0
4,6,2,25,3,3,3,3,2,43,3,1,2,1,1,0,0,1,0,1,0,0,1,0,0
4,6,3,4,3,4,2,3,2,52,3,2,1,1,1,0,0,1,0,0,1,0,1,0,0
4,6,3,6,4,2,2,2,2,35,1,2,1,2,1,0,0,1,0,0,1,0,0,0,0
4,11,2,22,3,3,3,2,2,34,3,1,1,1,1,0,0,1,0,0,1,0,0,1,0
4,18,1,23,3,3,4,2,2,31,2,1,2,1,1,1,0,1,0,0,1,0,0,1,0
4,17,3,20,2,4,3,3,3,34,3,1,1,2,1,0,0,1,0,1,0,0,0,1,0
2,11,2,10,4,4,2,3,2,39,3,2,1,2,1,0,0,1,0,0,1,0,0,1,0
3,6,2,59,3,3,4,3,2,36,3,1,2,1,2,1,0,1,0,0,1,0,1,0,0
3,9,2,17,2,3,3,2,2,40,3,1,2,1,1,0,0,1,0,0,1,0,1,0,0
3,18,2,33,2,3,3,4,2,20,3,1,1,1,1,0,0,1,0,1,0,0,0,1,0
3,38,3,69,2,2,3,3,3,28,3,2,1,1,1,0,0,1,0,0,1,0,0,1,1
4,6,3,14,1,3,3,2,1,27,2,2,1,1,1,0,0,1,0,0,1,0,0,1,0
3,13,2,4,1,3,3,3,3,47,2,1,1,2,1,0,0,1,0,0,1,0,0,1,0
2,25,1,34,3,4,3,3,2,36,2,1,1,1,1,1,0,1,0,0,1,0,1,0,0
4,13,4,18,1,4,3,2,2,32,3,2,1,1,1,0,0,1,0,0,1,0,0,1,0
4,13,2,22,2,3,3,2,3,30,1,2,1,1,1,1,0,1,0,0,1,0,0,1,0
1,10,2,5,1,2,2,3,2,24,3,1,1,1,1,0,0,1,0,1,0,0,0,1,1
3,25,3,32,3,3,3,3,2,23,3,1,1,1,1,0,0,1,0,0,1,0,0,1,0
2,23,3,18,2,3,2,3,4,30,3,1,1,1,1,1,0,1,0,0,1,0,0,1,1
3,35,3,49,1,4,2,2,2,23,2,2,1,1,1,0,0,1,0,0,1,0,0,1,0
3,8,2,17,2,2,2,1,2,32,3,1,1,1,1,0,0,1,0,0,1,0,0,1,0
3,8,2,9,1,3,2,2,3,33,2,1,1,2,1,0,0,1,0,0,1,0,0,1,0
3,6,3,4,2,4,2,3,2,48,3,1,1,1,1,0,0,1,0,0,1,0,0,1,0
2,25,2,4,2,3,3,3,2,23,3,1,1,1,1,1,0,1,0,1,0,0,0,1,1
2,15,4,13,2,3,2,3,2,22,3,2,1,1,1,0,0,1,0,0,1,0,0,1,0
4,12,4,4,1,3,3,2,1,43,3,3,2,2,1,0,0,1,0,0,1,0,0,1,0
3,26,2,37,2,2,2,2,3,37,3,1,1,2,1,1,0,1,0,0,1,0,0,1,0
4,25,3,30,2,4,3,2,2,35,3,2,1,1,1,0,0,1,0,0,1,0,0,1,0
4,22,2,31,3,4,3,4,3,28,3,1,1,1,1,0,0,1,0,1,0,0,0,1,0
3,35,2,93,3,4,3,4,3,37,2,2,1,2,1,0,1,1,0,1,0,0,0,1,0
3,7,3,4,1,3,3,2,2,48,3,2,1,1,1,1,0,1,0,0,1,0,0,1,0
2,8,1,4,1,2,3,2,1,31,2,1,2,1,1,1,0,1,0,0,1,0,1,0,0
4,11,2,20,3,5,3,3,3,43,3,1,1,2,1,0,0,1,0,1,0,0,0,1,0
3,27,2,18,2,3,3,3,2,40,3,1,1,1,1,0,0,1,0,0,1,0,0,1,0
3,32,4,22,2,5,3,3,3,35,3,1,1,2,1,0,0,1,0,0,1,0,0,1,0
3,10,1,15,3,4,3,3,2,35,2,1,1,1,1,0,0,1,0,0,1,0,0,1,0
2,20,2,26,1,2,2,1,3,29,2,1,1,1,1,0,0,1,0,0,1,0,0,1,0
3,16,3,42,1,3,2,2,3,36,3,2,1,2,1,1,0,1,0,0,1,0,0,0,0
2,18,2,26,2,2,3,2,2,35,3,1,2,1,1,0,0,1,0,0,1,0,1,0,1
1,33,3,40,2,5,3,3,3,39,2,2,1,1,1,0,0,1,0,0,1,0,0,1,1
2,17,4,13,2,2,3,3,4,33,3,2,1,1,1,1,0,1,0,0,0,0,0,1,1
4,20,4,36,3,4,3,1,3,33,3,2,1,2,1,0,0,1,0,0,1,0,0,1,0
4,38,3,82,5,3,3,2,3,28,3,2,1,2,1,0,1,1,0,0,1,0,0,0,0
3,14,2,30,1,3,3,1,2,30,3,1,1,1,1,0,0,1,0,0,1,0,0,1,0
4,31,3,46,2,3,3,2,3,37,3,2,1,2,1,1,0,1,0,0,1,0,0,0,1
3,12,4,4,2,3,2,2,2,42,3,2,1,1,1,0,0,1,0,0,1,0,0,1,0
4,29,3,48,2,4,3,2,3,37,3,2,1,2,1,0,0,1,0,0,1,0,0,1,0
2,18,2,14,2,3,3,3,2,25,3,1,1,1,1,0,0,1,0,0,1,0,0,1,0
3,24,4,37,2,3,3,3,2,30,3,2,1,1,1,0,0,1,0,0,1,0,0,1,0
3,6,3,4,4,3,2,3,2,43,3,2,1,2,1,1,0,1,0,0,1,0,0,1,0
3,11,4,28,2,4,2,3,3,37,2,1,2,1,1,1,0,1,0,0,1,0,0,0,0
3,26,3,39,3,4,3,2,3,30,3,2,1,1,1,0,0,1,0,0,1,0,0,1,0
3,17,2,26,2,4,3,2,3,32,3,2,1,1,1,0,0,1,0,0,1,0,0,1,0
2,31,2,39,1,3,3,3,3,27,3,1,1,1,1,0,0,0,1,1,0,0,0,1,1
3,8,4,27,2,4,2,3,3,43,3,1,1,2,1,1,0,1,0,0,1,0,0,1,0
4,20,4,9,4,4,3,3,3,41,2,2,2,2,1,1,0,1,0,0,1,0,0,1,0
3,8,3,54,2,3,2,3,2,31,3,2,1,1,1,0,0,1,0,1,0,0,0,1,0
3,11,4,31,1,4,3,3,1,44,2,2,1,1,1,1,0,1,0,0,1,0,0,1,0
2,12,2,4,2,2,3,3,3,36,3,1,1,1,1,1,0,1,0,0,1,0,0,1,0
4,21,3,27,3,3,3,3,2,33,3,2,1,2,1,0,0,0,1,0,1,0,0,1,0
3,17,2,37,3,4,2,3,3,43,3,1,1,2,1,0,0,1,0,0,1,0,0,0,0
3,37,3,48,2,4,3,2,4,40,2,2,1,2,1,0,0,1,0,0,0,0,0,0,0
3,34,3,57,4,2,3,3,4,20,3,2,1,2,1,0,0,0,1,0,1,0,0,1,0
3,14,4,36,1,4,2,4,3,29,3,2,1,2,1,0,0,1,0,1,0,0,0,1,0
3,34,2,41,1,3,2,2,2,29,3,1,1,2,1,0,0,1,0,0,1,0,0,1,1
3,14,3,25,1,3,3,4,3,37,3,2,1,2,1,0,0,1,0,0,1,0,0,1,0
2,19,2,28,3,3,4,2,3,28,2,1,1,1,1,0,0,1,0,0,1,0,0,1,0
3,9,1,10,1,3,2,2,2,29,2,1,1,1,1,0,0,1,0,0,1,0,0,1,1
3,35,3,67,2,4,3,3,2,31,3,2,1,2,1,0,0,1,0,0,1,0,0,1,0
2,22,3,38,3,4,2,3,4,37,2,2,1,2,1,1,0,1,0,0,1,0,0,1,0
4,13,4,12,2,3,3,2,3,30,3,2,1,1,1,0,0,1,0,0,1,0,0,1,0
4,31,3,67,1,3,3,3,3,32,3,1,1,2,1,0,1,1,0,1,0,0,0,0,0
1,27,2,22,2,4,3,3,4,27,1,1,1,1,1,0,0,1,0,0,1,0,0,1,1
4,23,2,36,2,4,2,2,3,31,3,1,1,2,1,0,0,1,0,0,1,0,0,1,0
4,29,3,36,2,4,3,3,3,34,3,2,1,2,1,0,0,1,0,0,1,0,0,1,0
1,33,1,41,3,3,3,2,3,31,2,1,1,2,1,0,0,1,0,0,1,0,0,1,0
3,32,3,44,2,4,3,3,3,32,3,2,1,1,1,0,0,1,0,0,1,0,0,1,0
3,21,3,31,4,4,3,3,3,26,2,2,1,2,1,0,0,1,0,1,0,0,0,1,0
4,26,4,25,2,5,3,4,3,38,2,1,1,1,1,0,0,1,0,0,1,0,0,1,0
1,22,3,64,2,3,3,2,2,29,2,1,1,1,1,0,0,1,0,0,1,0,1,0,0
3,33,3,66,2,3,4,2,3,27,3,2,1,1,1,0,0,1,0,0,1,0,0,1,0
2,8,2,13,1,3,2,3,3,31,3,1,1,1,1,0,0,1,0,0,1,0,0,1,1
3,8,2,13,2,4,2,2,2,39,3,1,1,1,1,0,0,1,0,0,1,0,0,1,0
3,38,3,42,1,4,3,2,3,21,3,2,1,1,1,0,0,1,0,0,1,0,0,1,0
2,9,0,8,2,3,3,2,4,32,3,2,2,1,1,0,0,1,0,0,0,0,1,0,1
1,18,2,48,1,3,2,3,1,39,3,1,1,1,1,0,0,1,0,1,0,0,0,1,1
3,12,3,10,2,3,3,2,2,38,3,1,2,1,1,0,0,1,0,0,1,0,0,1,0
2,41,3,44,1,2,3,2,3,27,3,2,1,1,1,0,0,1,0,0,1,0,0,1,1
3,35,4,78,2,3,3,3,4,30,2,2,1,2,1,0,1,1,0,0,1,0,0,1,0
3,12,3,20,1,3,3,3,2,47,3,2,1,2,1,0,0,1,0,0,1,0,0,1,0
2,19,3,32,2,2,3,3,1,24,3,1,1,1,1,0,0,1,0,1,0,0,0,1,0
3,6,2,12,2,4,2,3,1,49,3,1,1,1,2,1,0,1,0,0,1,0,0,1,0
4,23,3,22,4,3,3,3,1,33,2,2,1,1,1,0,0,1,0,0,1,0,1,0,0
2,30,2,41,3,5,2,4,2,40,3,1,1,2,1,0,0,1,0,1,0,0,0,0,0
3,16,2,46,2,3,4,2,3,28,3,1,1,1,1,1,0,1,0,0,1,0,0,1,0
2,25,4,70,3,4,3,3,3,40,2,2,2,2,1,0,0,1,0,1,0,0,0,0,1
1,19,1,13,1,3,2,3,3,25,2,1,1,1,1,0,0,1,0,1,0,0,0,1,1
4,20,2,25,3,4,3,3,2,34,3,2,1,2,1,0,0,1,0,1,0,0,0,1,0
1,16,2,12,1,2,3,2,3,33,3,1,1,1,1,1,0,1,0,0,1,0,0,1,1
3,21,2,56,3,3,3,2,1,33,3,2,1,2,1,0,0,1,0,0,1,0,0,1,0
2,20,2,13,3,3,3,3,2,20,3,1,1,1,1,0,0,1,0,0,1,0,0,1,0
3,19,2,35,3,3,3,2,2,30,2,1,1,1,1,0,0,1,0,1,0,0,1,0,0
4,15,2,29,4,3,2,3,3,45,3,1,1,2,1,0,0,1,0,1,0,0,0,1,0
2,36,2,49,1,2,3,2,4,29,3,1,1,1,1,0,0,1,0,1,0,0,0,0,1
4,26,3,26,2,3,2,3,2,24,3,1,1,1,1,1,0,1,0,0,1,0,0,1,0
3,6,1,5,3,4,2,2,2,45,2,1,1,2,1,0,0,1,0,0,1,0,0,1,0
2,29,2,41,2,5,3,4,3,39,3,2,1,1,1,0,0,0,1,1,0,0,0,1,1
4,9,2,26,2,4,3,2,1,45,3,1,1,1,1,0,0,1,0,0,1,0,0,1,0
2,36,2,41,2,3,3,1,2,26,3,1,1,1,1,0,0,1,0,0,1,0,0,1,0
2,21,3,27,3,2,3,3,1,38,1,2,1,1,1,0,0,1,0,0,1,0,1,0,0
2,37,3,79,1,4,3,3,4,42,3,2,2,2,1,0,0,1,0,0,0,0,0,0,0
1,29,2,22,1,4,3,2,3,20,2,1,1,1,1,0,0,1,0,0,1,0,0,1,1
2,14,3,21,1,3,3,3,3,31,2,2,1,1,1,0,0,1,0,0,1,0,0,1,0
1,50,3,67,1,4,3,1,2,24,3,2,1,1,1,0,0,1,0,0,1,0,0,1,1
3,23,3,26,3,4,3,3,3,38,2,2,1,2,1,0,0,1,0,0,1,0,0,1,0
2,14,3,15,3,3,3,4,2,23,3,1,1,1,1,0,0,1,0,0,1,0,0,1,0
2,18,2,16,1,3,3,3,2,22,3,1,1,1,1,0,0,1,0,1,0,0,1,0,0
4,27,2,30,3,5,3,4,3,33,3,1,1,1,1,0,0,1,0,0,1,0,0,1,0
2,21,2,28,4,4,3,3,3,36,2,1,1,2,1,0,0,1,0,0,1,0,0,1,0
3,31,4,59,2,3,3,3,2,30,3,2,1,2,1,0,0,1,0,0,1,0,0,0,0
1,20,1,24,1,2,2,3,3,21,2,1,1,1,1,1,0,1,0,1,0,0,0,1,1
3,6,3,7,1,3,2,2,3,37,2,2,1,2,1,0,0,1,0,0,1,0,0,1,0
3,20,3,22,2,3,3,2,3,33,1,2,2,2,1,0,0,1,0,0,1,0,0,1,0
2,22,2,31,4,3,3,2,3,29,2,1,1,1,1,1,0,1,0,0,1,0,0,1,0
2,6,3,20,4,3,3,2,2,23,3,1,1,2,1,0,0,1,0,0,1,0,0,1,0
3,26,3,50,1,3,4,2,3,21,3,2,1,1,1,0,0,1,0,0,1,0,0,1,0
3,11,2,12,1,3,2,3,2,31,3,1,1,1,1,0,0,1,0,0,1,0,1,0,0
4,33,4,70,4,5,3,3,3,43,3,2,1,1,1,0,0,1,0,0,1,0,0,1,0
4,14,3,5,1,3,2,2,2,31,3,2,1,2,1,0,0,1,0,0,1,0,0,1,0
4,20,3,21,2,3,4,2,3,34,3,2,1,2,1,0,0,1,0,0,1,0,0,1,0
3,38,2,48,2,3,3,2,3,30,3,1,1,1,1,0,0,1,0,0,1,0,0,1,0
3,17,2,25,1,4,3,3,3,20,3,1,1,1,1,0,0,1,0,0,1,0,0,1,0
3,30,2,39,2,3,2,1,3,33,3,1,1,1,1,0,0,1,0,0,1,0,0,1,0
3,25,2,21,3,3,2,4,2,37,3,1,1,2,1,1,0,1,0,1,0,0,0,1,0
1,30,1,24,1,4,3,1,3,30,2,1,1,1,1,0,0,1,0,0,1,0,0,1,0
3,19,2,13,2,3,4,2,2,22,3,1,1,1,1,0,0,1,0,0,1,0,0,1,0
3,16,1,23,2,1,3,3,2,38,2,1,1,1,1,0,0,1,0,0,1,0,1,0,0
3,14,2,81,3,3,2,1,2,25,3,1,1,1,1,1,0,1,0,0,1,0,0,1,0
4,16,4,23,1,4,3,3,3,39,2,2,1,2,1,0,0,1,0,0,1,0,0,1,0
2,21,1,26,2,3,2,3,2,25,1,1,1,1,1,0,0,1,0,0,1,0,0,1,0
2,11,2,26,2,3,2,2,3,36,3,1,1,1,1,0,0,1,0,0,1,0,0,1,0
2,22,1,22,3,3,3,3,2,21,2,1,1,2,1,0,0,1,0,0,1,0,0,1,0
4,9,4,9,4,4,2,2,2,29,3,2,1,1,1,0,0,1,0,0,1,0,0,1,0
3,16,3,54,3,3,2,2,2,46,3,2,1,2,1,0,0,1,0,0,1,0,0,1,0
2,26,2,31,2,3,2,1,4,30,3,1,1,1,1,0,0,1,0,0,0,0,0,1,0
3,15,2,12,2,3,3,3,1,20,3,1,1,1,1,0,0,1,0,1,0,0,0,1,0
2,15,2,11,2,3,3,2,3,34,3,1,1,1,1,0,0,1,0,0,1,0,0,1,1
3,18,4,27,1,3,2,4,3,25,3,1,1,1,1,0,0,1,0,1,0,0,0,1,0
4,17,4,14,2,4,2,3,3,33,3,2,1,2,1,0,0,1,0,0,1,0,0,1,0
3,45,2,53,2,4,3,3,3,32,2,1,1,2,1,1,0,1,0,0,1,0,0,1,0
4,16,2,7,1,3,3,2,1,26,3,1,1,2,1,0,0,1,0,0,1,0,0,0,0
3,7,2,9,1,3,2,1,1,29,3,1,1,1,1,0,0,1,0,0,1,0,0,1,0
3,24,4,38,1,4,3,1,3,33,3,2,1,2,1,0,0,1,0,0,1,0,0,1,0
2,36,2,59,1,4,3,2,2,29,3,1,1,1,1,0,0,1,0,0,1,0,0,1,0
3,27,2,26,3,5,3,4,3,41,3,1,2,2,1,0,0,1,0,0,1,0,0,1,0
3,20,3,58,2,4,3,2,2,35,2,2,1,1,1,0,0,1,0,0,1,0,0,1,0
4,8,4,24,4,5,3,4,4,50,3,1,2,1,1,1,0,1,0,0,0,0,0,1,0
4,24,3,29,1,2,3,2,3,34,3,2,1,2,1,0,0,1,0,0,1,0,0,1,0
3,32,1,20,1,3,2,3,3,34,2,1,1,1,1,0,0,1,0,0,1,0,0,1,1
3,28,3,39,1,3,2,2,3,39,3,1,1,2,1,1,0,1,0,0,1,0,0,0,1
4,17,4,39,2,3,2,3,3,43,3,2,2,2,1,0,0,1,0,1,0,0,0,1,0
2,13,2,16,4,2,4,1,1,25,3,1,1,1,1,0,0,1,0,0,1,0,0,1,1
3,23,2,33,3,4,3,3,2,30,3,1,1,1,1,1,0,1,0,1,0,0,0,1,0
3,26,2,20,3,3,3,2,2,30,3,1,1,2,1,0,0,1,0,0,1,0,0,0,0
2,46,2,20,3,3,2,1,3,29,3,1,1,1,1,0,0,1,0,0,1,0,0,1,0
2,18,2,41,2,4,3,1,3,34,3,1,1,2,1,1,0,1,0,0,1,0,0,1,0
3,29,3,57,3,4,3,4,3,25,3,2,1,1,1,0,0,1,0,1,0,0,0,1,0
4,15,4,4,4,4,2,3,2,32,3,2,1,1,1,0,0,1,0,0,1,0,0,1,0
2,18,2,48,2,3,3,3,2,40,2,1,1,2,1,0,0,1,0,0,1,0,0,0,1
2,14,3,21,4,3,3,2,2,42,3,2,1,1,1,0,0,1,0,0,1,0,0,1,0
4,24,2,23,1,4,2,2,3,29,3,1,1,1,1,0,0,1,0,0,1,0,0,1,0
4,18,3,23,1,3,3,1,2,32,2,1,1,2,1,0,0,1,0,1,0,0,0,1,0
2,32,2,13,3,2,2,3,2,24,3,1,1,1,1,1,0,1,0,0,1,0,0,1,1
2,26,2,20,4,2,2,4,3,29,3,1,1,1,1,0,0,1,0,1,0,0,0,1,1
4,27,4,37,2,3,2,2,3,35,3,2,1,2,1,0,0,1,0,0,1,0,0,1,0
2,46,2,42,2,4,3,2,2,27,3,1,1,1,1,0,0,1,0,0,1,0,0,1,0
3,14,3,14,4,4,2,3,3,40,3,2,1,2,1,1,0,1,0,0,1,0,0,1,0
3,14,4,17,1,2,3,3,2,31,2,2,1,1,1,0,0,1,0,0,1,0,1,0,0
1,18,1,6,1,2,3,3,3,28,2,2,1,1,1,0,0,1,0,0,1,0,0,1,1
3,19,2,16,2,3,3,2,2,35,3,1,1,1,1,0,0,1,0,0,1,0,1,0,0
3,33,2,51,1,3,2,1,4,32,3,1,1,1,1,0,0,1,0,0,0,0,0,1,0
2,52,3,93,5,3,3,2,4,33,3,1,1,2,1,0,0,1,0,0,0,0,0,0,0
4,30,3,41,2,4,2,2,3,33,3,2,1,2,1,0,0,1,0,0,1,0,0,1,0
2,19,4,20,1,3,3,3,1,50,3,1,1,1,1,0,0,1,0,0,1,0,1,0,0
4,26,3,78,3,3,3,3,3,26,3,2,1,1,1,0,1,1,0,0,1,0,0,1,0
4,28,3,36,2,3,3,2,3,32,3,2,1,2,1,0,0,1,0,0,1,0,0,1,0
3,16,2,30,1,3,3,2,2,43,2,1,1,1,1,0,0,1,0,0,1,0,0,1,0
3,47,3,73,3,4,3,2,4,44,2,1,1,1,1,0,0,1,0,0,0,0,0,1,0
2,23,3,8,2,4,3,1,2,30,1,1,2,1,1,1,0,1,0,0,1,0,0,1,0
4,29,3,35,3,3,3,2,2,33,3,2,1,1,1,0,0,1,0,0,1,0,0,1,0
3,14,2,29,2,3,2,1,2,30,3,1,1,1,1,1,0,1,0,0,1,0,0,1,0
3,38,3,46,1,3,3,3,3,37,3,1,1,1,1,0,0,1,0,0,1,0,0,1,1
1,22,1,11,1,2,2,3,3,25,2,1,1,1,1,1,0,1,0,0,1,0,0,1,1
3,9,3,19,4,5,3,4,2,45,3,1,1,2,1,0,0,1,0,0,1,0,0,1,0
3,22,2,28,3,4,4,3,2,37,2,1,1,2,1,0,1,1,0,1,0,0,0,1,0
3,15,2,18,3,4,3,2,2,35,2,1,1,1,2,0,0,1,0,0,1,0,0,1,0
2,20,2,24,3,3,3,2,3,30,2,1,1,1,1,0,0,1,0,0,1,0,0,1,0
3,9,4,9,2,4,3,2,2,25,2,1,1,1,1,1,0,1,0,0,1,0,0,1,1
2,13,2,38,2,2,3,3,2,31,3,1,1,1,1,1,0,1,0,1,0,0,0,1,0
2,13,4,7,4,5,4,3,2,35,3,2,1,1,1,0,0,1,0,0,1,0,0,1,0
2,21,3,48,3,3,4,3,3,27,2,2,1,1,1,0,0,1,0,0,1,0,0,1,1
3,19,3,23,4,4,3,3,3,34,3,1,2,1,1,0,0,1,0,0,1,0,0,1,0
3,11,2,27,1,3,3,2,2,44,3,1,2,1,1,1,0,1,0,0,1,0,1,0,0
3,24,2,28,2,4,3,2,4,29,2,1,1,1,1,0,0,1,0,0,1,0,0,1,0
4,16,4,34,2,4,3,2,3,31,3,1,1,2,1,0,0,1,0,0,1,0,0,1,0
3,32,3,42,2,3,3,2,3,32,3,2,1,2,1,0,0,1,0,0,1,0,0,0,0
3,20,1,25,2,4,3,3,3,32,1,1,1,2,1,0,0,1,0,0,1,0,0,0,0
3,14,3,27,2,4,3,3,2,33,3,2,1,2,1,0,0,1,0,1,0,0,0,1,0
4,16,3,25,4,4,3,2,3,35,3,1,1,1,1,0,0,1,0,0,1,0,0,1,0
2,16,3,26,3,2,3,3,2,37,2,2,1,1,1,0,0,1,0,0,1,0,0,1,0
4,29,3,33,1,3,2,2,3,27,3,2,1,2,1,0,0,1,0,0,1,0,0,0,1
3,31,3,73,2,3,3,3,2,44,3,2,1,1,1,1,0,1,0,1,0,0,0,1,0
2,16,3,41,3,2,3,2,2,27,3,2,1,1,1,1,0,1,0,0,1,0,0,1,0
3,24,1,47,2,3,3,4,2,31,2,1,1,2,1,0,1,1,0,1,0,0,0,1,0
3,39,3,70,3,4,3,3,3,40,2,2,1,2,1,0,0,1,0,0,1,0,0,0,0
3,31,2,45,3,3,2,4,4,37,3,1,1,2,1,0,0,1,0,0,0,0,0,0,0
4,21,4,16,2,3,2,2,3,29,3,2,1,2,1,0,0,1,0,0,1,0,0,1,0
3,11,2,20,2,3,3,1,2,25,2,1,1,1,1,0,0,1,0,0,1,0,0,1,0
2,20,3,26,2,2,2,1,2,34,3,1,1,1,1,0,0,1,0,0,1,0,0,1,0
4,31,3,39,2,4,3,2,3,34,3,1,1,1,1,0,1,1,0,0,1,0,0,1,0
3,7,2,14,2,1,2,2,2,36,3,1,1,1,2,1,0,1,0,0,1,0,1,0,0
2,38,2,74,2,4,3,1,3,42,3,2,2,2,1,0,0,1,0,0,1,0,0,1,0
3,12,2,10,2,3,2,1,1,43,3,1,1,1,2,0,0,1,0,0,1,0,1,0,0
2,21,4,22,4,3,3,3,2,29,2,2,1,1,1,1,0,1,0,0,1,0,0,1,0
3,17,2,40,2,2,3,2,2,25,2,1,1,1,1,0,0,1,0,0,1,0,1,0,0
2,13,3,11,1,3,3,3,2,24,3,1,1,1,1,0,0,1,0,1,0,0,0,1,0
2,42,3,53,1,4,4,2,3,30,3,2,1,1,1,0,0,1,0,0,1,0,0,1,0
4,26,4,60,2,4,3,3,4,38,3,1,1,2,1,0,1,1,0,0,0,0,0,1,0
3,38,3,57,2,3,3,3,2,24,3,2,1,1,1,0,0,1,0,0,1,0,0,1,0
2,32,3,37,2,3,3,3,2,30,3,2,1,2,1,0,0,1,0,0,1,0,0,1,0
4,13,4,14,1,3,3,2,2,31,2,2,1,1,1,0,0,1,0,0,1,0,0,1,0
3,12,4,8,2,3,2,2,2,43,3,2,1,1,1,0,0,1,0,0,1,0,0,1,0
2,21,4,33,3,2,3,3,1,40,2,2,2,1,1,0,0,1,0,0,1,0,1,0,0
4,15,2,25,4,4,3,2,2,29,3,1,1,2,1,0,0,1,0,0,1,0,0,1,0
3,18,4,31,2,4,2,2,3,30,3,1,1,2,1,0,0,1,0,0,1,0,0,0,0
3,14,2,14,3,5,3,3,1,42,3,1,1,2,1,0,0,1,0,0,1,0,0,1,0
2,19,2,38,1,3,2,3,1,25,3,1,1,1,1,0,0,1,0,1,0,0,1,0,0
3,19,4,25,3,4,3,4,2,38,2,1,1,2,1,1,0,1,0,1,0,0,0,1,0
2,44,4,61,2,3,3,3,3,23,3,1,1,1,1,0,0,1,0,0,1,0,0,1,1
4,17,3,4,2,3,3,3,2,39,2,2,2,1,1,0,0,1,0,1,0,0,1,0,0
2,23,3,30,5,4,3,2,3,39,3,1,1,1,1,0,0,1,0,0,1,0,0,1,0
2,8,3,4,2,4,3,2,2,40,3,2,1,2,1,0,0,1,0,0,1,0,0,1,0
2,18,3,22,1,2,3,2,2,34,2,2,1,1,1,0,0,1,0,0,1,0,0,1,1
3,27,3,37,3,3,2,2,3,30,3,1,1,1,1,0,0,1,0,0,1,0,1,0,1
2,22,3,50,1,1,4,2,3,28,3,2,1,2,1,0,0,1,0,0,1,0,0,0,1
3,41,4,83,3,3,3,2,2,20,2,2,1,2,1,0,0,1,0,0,1,0,0,1,0
2,30,2,37,3,3,3,1,3,30,3,1,1,1,1,0,0,1,0,0,1,0,0,1,0
4,21,3,43,2,3,3,3,4,34,3,1,1,1,1,0,0,1,0,0,0,0,0,1,0
3,33,3,50,2,4,3,3,3,45,3,2,2,2,1,0,0,1,0,0,1,0,0,1,0
2,15,2,20,2,2,3,1,2,30,2,1,1,2,1,0,0,1,0,0,1,0,0,1,0
3,15,2,30,2,4,3,1,3,34,3,1,1,1,1,0,0,1,0,0,1,0,0,1,0
4,32,2,25,1,3,3,2,3,29,3,1,1,2,1,0,0,1,0,0,1,0,0,0,0
4,18,3,26,1,4,4,2,2,32,2,2,1,2,1,0,0,1,0,0,1,0,0,1,0
4,8,3,4,5,4,2,3,2,35,3,2,1,1,1,0,0,1,0,0,1,0,0,1,0
4,25,2,27,2,4,3,3,3,30,3,1,1,2,1,0,0,1,0,0,1,0,0,1,0
4,17,3,4,4,4,3,3,3,43,3,2,1,2,1,0,1,1,0,0,1,0,0,1,0
4,12,3,27,2,3,3,2,2,33,2,2,1,1,1,0,0,1,0,0,1,0,0,1,0
4,14,2,28,4,3,2,2,3,51,3,1,1,2,1,0,0,1,0,0,1,0,0,0,0
2,15,2,9,3,3,3,3,2,21,3,2,1,1,1,0,0,1,0,1,0,0,1,0,0
1,19,2,26,2,4,3,2,3,35,3,1,1,2,1,1,0,1,0,0,1,0,0,1,0
3,19,4,51,2,3,3,3,2,30,2,2,1,1,1,0,0,1,0,0,1,0,0,1,0
3,21,2,5,1,3,2,4,2,23,3,1,1,2,1,0,0,1,0,1,0,0,0,1,0
4,15,3,9,3,4,3,4,3,38,2,1,1,1,1,0,0,1,0,0,1,0,1,0,0
3,15,3,23,2,3,3,2,3,34,2,2,2,1,1,0,0,1,0,0,1,0,0,1,0
2,14,2,27,2,4,3,3,2,40,2,1,1,2,1,0,0,1,0,1,0,0,0,1,0
2,14,2,23,2,4,3,3,1,34,3,1,1,1,1,0,0,1,0,0,1,0,1,0,0
4,14,3,47,2,3,3,4,2,49,3,2,1,1,1,0,0,1,0,0,1,0,1,0,0
4,36,3,64,2,4,3,2,3,37,3,2,1,2,1,0,0,1,0,0,1,0,0,0,0
2,26,3,49,1,2,2,2,3,34,3,1,1,1,1,0,0,1,0,0,1,0,0,0,1
4,20,2,28,3,2,3,2,3,29,2,1,2,1,1,1,0,1,0,0,1,0,0,1,0
3,13,4,10,3,2,2,2,2,21,3,2,1,1,1,0,0,1,0,0,1,0,0,1,0
3,24,3,23,3,4,3,2,2,42,2,2,2,2,1,0,0,1,0,0,1,0,0,1,0
3,22,4,15,3,5,2,4,2,46,3,2,1,2,1,1,0,1,0,1,0,0,0,0,0
4,17,3,29,4,4,3,3,4,33,3,1,1,1,1,0,0,1,0,0,1,0,0,1,0
4,19,3,21,3,3,3,2,2,28,3,2,1,2,1,0,0,1,0,0,1,0,0,1,0
4,12,4,17,2,3,3,2,2,27,3,2,1,1,1,0,0,1,0,0,1,0,0,1,0
3,15,3,30,2,4,2,4,3,56,3,1,1,1,1,0,0,1,0,1,0,0,0,1,0
4,10,2,10,4,4,2,2,2,31,3,1,1,2,1,0,0,1,0,0,1,0,0,1,0
4,10,4,16,2,4,2,3,1,34,3,2,1,1,1,0,0,1,0,0,1,0,0,1,0
4,31,3,42,1,3,3,2,3,29,3,2,1,2,1,0,0,1,0,0,1,0,0,0,1
3,42,2,62,3,4,3,2,3,42,3,2,1,2,1,0,0,1,0,0,1,0,0,1,0
3,28,4,30,5,5,3,2,3,39,3,1,1,2,1,0,0,1,0,0,1,0,0,1,0
3,16,2,88,3,4,2,3,2,34,2,2,1,1,1,0,0,1,0,0,1,0,0,1,0
4,17,3,25,3,3,3,2,3,33,3,2,1,1,1,0,0,1,0,0,1,0,0,1,0
2,24,1,17,2,3,3,3,2,25,3,1,1,1,1,0,0,1,0,1,0,0,0,1,0
3,13,3,19,2,4,2,2,3,29,3,1,1,1,1,0,0,1,0,0,1,0,0,1,0
2,41,2,84,2,4,3,3,4,49,2,1,1,2,1,0,0,1,0,0,0,0,0,0,0
4,15,4,22,1,4,2,2,3,30,2,2,1,1,1,1,0,1,0,0,1,0,0,1,0
3,8,1,25,2,4,3,4,2,41,2,1,1,2,1,0,0,1,0,0,1,0,0,1,0
2,9,3,10,3,3,3,2,2,27,2,2,1,2,1,1,0,1,0,0,1,0,0,1,1
2,25,1,17,3,3,2,3,2,34,2,1,1,1,1,0,0,0,0,0,1,0,0,1,0
4,15,4,4,3,4,2,3,1,36,2,2,1,1,1,0,0,1,0,0,1,0,0,1,0
4,13,2,12,2,3,3,4,2,28,2,1,1,2,1,0,0,1,0,1,0,0,0,1,0
4,26,4,28,3,5,2,3,1,35,3,2,1,2,1,0,0,1,0,0,1,0,0,1,0
3,18,3,4,3,2,3,2,1,36,3,2,1,1,1,0,0,1,0,0,1,0,0,1,0
2,31,1,48,2,4,2,2,3,30,1,1,1,2,1,0,0,1,0,0,1,0,0,0,0
4,15,3,26,2,5,3,3,3,34,3,1,1,2,1,0,0,1,0,1,0,0,0,0,0
3,28,3,46,1,3,3,2,2,22,3,2,1,1,1,0,0,1,0,0,1,0,0,1,1
2,9,1,7,1,3,3,4,3,31,2,1,2,1,1,1,0,1,0,1,0,0,1,0,1
2,43,3,65,2,3,3,3,2,22,3,1,1,1,1,1,0,1,0,0,1,0,0,1,0
4,12,3,33,3,4,2,3,2,32,3,1,1,2,1,1,0,1,0,1,0,0,0,1,0
2,8,1,20,1,3,3,1,1,32,2,1,2,1,1,0,0,1,0,1,0,0,1,0,0
2,24,2,39,2,3,2,3,3,39,2,1,1,2,1,0,0,1,0,0,1,0,0,1,1
2,20,3,35,1,4,3,3,2,25,3,2,1,1,1,0,0,0,1,1,0,0,0,1,0
2,32,3,52,1,4,3,3,2,33,3,2,1,2,1,0,0,1,0,0,1,0,0,1,0
3,17,3,17,2,2,2,1,3,20,3,1,1,1,1,0,0,1,0,0,1,0,0,1,0
3,12,3,30,3,4,3,4,2,33,2,2,2,2,1,0,0,1,0,1,0,0,0,1,0
3,17,2,19,3,3,3,3,3,31,3,1,1,1,1,0,1,1,0,0,1,0,0,1,0
4,29,3,33,2,5,3,4,3,37,3,1,1,2,1,0,0,1,0,0,1,0,0,1,0
3,37,3,86,3,4,3,3,3,31,3,2,1,2,1,0,1,1,0,0,1,0,0,1,0
4,19,3,28,4,4,2,3,3,39,3,2,1,2,1,1,0,1,0,0,1,0,0,1,0
1,28,1,19,1,3,2,3,3,30,2,1,1,1,1,0,0,1,0,0,1,0,0,1,1
3,19,3,20,1,3,3,3,2,24,2,2,1,1,1,0,0,1,0,1,0,0,0,1,1
3,20,2,23,3,4,4,2,2,30,3,1,1,2,1,0,0,1,0,0,1,0,0,1,0
4,12,3,11,1,2,4,2,1,30,3,2,1,1,1,1,0,1,0,0,1,0,1,0,0
3,32,3,80,2,3,3,3,3,34,3,2,1,2,1,0,0,1,0,0,1,0,0,1,0
3,10,2,44,1,5,3,2,2,28,3,1,1,2,1,0,0,1,0,0,1,0,0,0,0
2,24,3,31,3,2,2,3,3,37,2,1,1,2,1,1,0,1,0,1,0,0,0,0,0
3,18,2,24,1,3,3,3,3,33,3,1,1,2,1,0,0,1,0,0,1,0,0,1,0
4,7,3,4,3,4,2,2,3,30,2,2,2,1,1,0,0,1,0,0,1,0,0,1,0
4,20,3,26,1,4,4,2,2,32,2,2,1,1,1,0,0,1,0,0,1,0,0,1,0
1,16,3,23,2,3,3,3,3,23,2,2,1,1,1,0,0,1,0,0,1,0,0,1,0
4,21,3,35,3,5,3,2,3,32,3,2,1,1,1,0,0,1,0,0,1,0,0,1,0
4,26,2,30,2,5,3,3,3,32,3,1,1,1,1,0,0,1,0,0,1,0,0,1,0
4,31,2,45,2,4,2,4,2,31,3,1,1,2,1,0,0,1,0,1,0,0,0,0,0
4,26,2,62,3,4,3,3,4,30,3,1,1,2,1,0,1,1,0,0,0,0,0,1,0
4,23,3,21,1,3,3,2,3,21,2,1,1,2,1,0,0,1,0,0,1,0,0,1,0
4,18,3,16,1,3,3,2,1,34,3,2,1,1,1,0,0,1,0,0,1,0,1,0,0
3,38,4,67,2,3,3,1,2,26,3,1,1,1,1,0,0,1,0,0,1,0,0,1,0
2,24,2,30,2,2,3,3,2,24,3,1,1,1,1,0,0,1,0,1,0,0,0,1,1
2,29,2,17,1,2,3,3,3,20,3,2,1,1,1,0,0,1,0,1,0,0,0,1,1
3,12,3,40,1,3,2,3,2,34,3,2,1,1,1,1,0,1,0,0,1,0,0,1,0
2,23,2,24,4,2,1,4,2,29,3,1,1,1,1,0,0,1,0,1,0,0,0,1,0
3,33,4,61,2,2,2,3,3,34,3,2,1,2,1,0,0,1,0,0,1,0,0,1,0
3,11,2,15,1,3,2,2,3,28,3,1,1,1,1,0,0,1,0,0,1,0,0,1,0
3,16,2,23,2,3,2,2,3,31,3,1,1,2,1,1,0,1,0,0,1,0,0,1,0
2,22,2,23,2,2,2,1,3,28,3,1,1,1,1,0,0,1,0,0,1,0,0,1,0
2,17,2,15,2,3,2,2,3,30,3,1,1,1,1,0,0,1,0,0,1,0,0,1,1
4,23,3,28,3,3,3,2,2,32,2,2,2,1,1,1,0,1,0,0,1,0,1,0,0
2,8,2,13,1,2,3,3,2,28,2,2,1,1,1,0,0,1,0,1,0,0,1,0,0
3,33,3,87,4,4,2,3,2,36,2,2,1,2,1,1,0,1,0,0,1,0,0,1,0
2,21,2,98,3,2,2,2,2,26,3,1,1,1,1,0,0,1,0,0,1,0,0,1,0
4,21,4,17,3,2,3,2,2,32,3,2,1,1,1,0,0,1,0,0,1,0,1,0,0
3,14,3,13,3,2,3,2,2,34,3,1,1,1,1,0,0,1,0,0,1,0,0,1,0
3,16,3,11,4,4,3,3,2,38,3,2,1,1,1,0,0,1,0,0,1,0,0,1,0
4,17,3,6,3,4,2,2,2,56,3,2,1,1,1,0,0,1,0,0,1,0,0,1,0
4,14,2,23,4,4,3,4,2,23,3,1,1,2,1,0,0,1,0,1,0,0,0,1,0
4,22,4,28,4,3,2,2,2,37,2,2,2,1,1,0,0,1,0,0,1,0,1,0,0
3,23,3,28,2,3,3,2,2,26,3,2,1,1,1,0,0,1,0,0,1,0,0,1,0
1,18,2,32,2,2,2,3,2,31,3,1,1,2,1,0,0,1,0,1,0,0,0,0,0
2,17,4,28,1,2,3,1,2,26,2,2,1,1,1,0,0,0,1,0,1,0,1,0,0
2,30,2,35,3,3,2,4,4,28,3,2,1,1,1,1,0,1,0,1,0,0,0,1,1
4,9,2,29,1,3,3,2,1,33,3,1,1,1,1,0,0,0,0,1,0,0,0,1,1
1,24,1,27,3,3,3,3,3,26,1,1,1,1,1,0,0,1,0,0,1,0,0,1,0
3,27,2,40,3,4,2,4,3,31,3,1,1,1,1,0,0,1,0,1,0,0,0,1,0
1,20,4,67,3,3,3,3,3,44,3,2,2,1,1,0,1,1,0,1,0,0,0,1,0
1,19,1,21,1,2,2,2,3,32,2,1,1,1,1,0,0,1,0,0,1,0,0,1,1
3,12,3,12,3,4,2,2,2,30,3,2,1,1,1,0,0,1,0,0,1,0,0,1,0
1,21,1,28,1,3,2,4,1,24,2,2,1,1,1,0,1,1,0,1,0,0,0,1,1
3,14,2,34,2,4,3,2,2,32,3,1,1,1,1,0,0,0,1,0,1,0,0,1,1
1,27,2,53,2,3,2,4,3,27,3,1,1,1,1,0,0,1,0,1,0,0,0,1,0
3,15,3,13,1,3,3,2,1,25,3,2,1,1,1,0,0,1,0,0,1,0,0,1,0
2,6,3,4,2,4,3,2,2,21,2,1,1,1,1,0,0,1,0,0,1,0,0,1,0
4,19,3,13,2,4,3,4,1,36,3,2,1,1,1,1,0,1,0,0,1,0,0,1,0
2,35,3,69,3,3,3,4,3,47,3,1,1,2,1,0,0,1,0,0,1,0,0,1,0
1,11,1,8,2,3,3,2,1,33,3,1,2,1,1,0,0,1,0,0,1,0,1,0,1
3,29,2,31,5,3,2,3,3,29,3,1,1,1,1,0,0,1,0,1,0,0,0,1,0
2,30,3,57,2,3,2,2,3,30,3,2,1,1,1,0,0,1,0,0,1,0,0,0,0
3,24,2,34,2,3,3,3,3,20,2,1,1,1,1,0,0,1,0,0,1,0,0,1,0
1,9,3,52,1,4,3,3,2,27,3,1,1,1,1,1,0,1,0,1,0,0,0,1,0
4,30,4,36,2,3,3,3,2,32,3,2,1,2,1,0,0,1,0,0,1,0,0,1,0
3,6,2,31,3,3,3,2,2,34,3,1,2,1,1,0,0,1,0,0,1,0,1,0,0
2,31,3,20,3,3,1,2,3,31,3,2,1,2,1,0,0,1,0,0,1,0,0,1,0
2,28,4,62,1,4,3,3,3,44,3,2,2,2,1,1,0,1,0,0,1,0,0,1,0
4,23,2,16,4,5,2,3,3,28,3,1,1,1,2,1,0,1,0,0,1,0,0,1,0
3,40,3,66,3,4,3,3,4,38,2,2,2,2,1,0,0,1,0,0,1,0,0,1,0
2,23,3,12,4,4,2,3,1,38,3,1,1,1,1,0,0,1,0,1,0,0,0,1,0
3,37,3,58,1,3,3,3,2,27,3,2,1,1,1,0,0,1,0,0,1,0,0,1,0
2,24,1,28,2,3,2,2,2,25,2,1,1,1,1,1,0,1,0,0,1,0,0,1,1
4,6,3,12,2,2,3,3,1,38,3,2,1,1,1,0,0,1,0,0,1,0,1,0,0
3,21,3,28,1,5,3,2,3,31,2,2,1,1,1,0,0,1,0,0,1,0,0,1,0
3,20,3,38,1,3,2,1,3,26,2,1,1,1,1,0,0,1,0,0,1,0,0,1,0
3,8,2,19,1,3,3,2,1,32,3,1,1,1,2,0,0,1,0,0,1,0,0,1,0
3,34,2,22,2,3,3,3,3,27,2,2,1,1,1,0,0,1,0,0,1,0,0,1,0
3,13,1,4,2,3,3,2,1,35,2,1,1,1,1,0,0,1,0,0,1,0,1,0,0
2,10,2,16,3,2,3,2,1,25,2,1,1,1,1,0,0,1,0,0,1,0,1,0,0
3,27,3,42,4,4,3,4,2,36,3,3,1,2,1,0,0,1,0,0,1,0,1,0,0
3,10,0,18,1,2,3,2,3,29,2,2,1,1,1,0,0,1,0,0,1,0,0,1,0
1,12,1,21,2,2,2,2,2,29,2,1,1,1,1,0,0,0,0,0,1,0,1,0,0
3,12,4,5,1,3,2,3,3,29,3,2,1,1,1,0,0,1,0,0,1,0,0,1,0
3,12,3,21,2,4,2,3,3,21,3,2,1,2,1,0,0,1,0,1,0,0,0,1,0
4,33,4,55,2,4,3,3,3,34,3,2,1,1,1,0,0,1,0,0,1,0,0,1,0
2,20,3,35,4,2,3,3,2,27,2,2,1,1,1,0,0,1,0,0,1,0,0,1,0
3,22,4,12,2,3,3,3,1,28,3,2,1,1,1,0,0,1,0,0,1,0,0,1,0
1,30,1,28,3,5,2,2,3,29,2,1,1,1,1,0,0,1,0,0,1,0,0,1,1
4,19,3,28,1,3,3,1,3,31,3,2,1,1,1,0,0,1,0,0,1,0,0,1,0
2,10,2,21,2,4,3,3,1,27,3,1,1,2,1,0,0,1,0,1,0,0,0,1,0
4,17,4,7,1,3,3,2,1,32,3,3,1,1,1,0,0,1,0,0,1,0,1,0,0
3,31,2,31,3,3,2,2,3,31,3,1,1,1,1,0,0,1,0,0,1,0,0,1,1
3,13,4,4,1,3,2,2,2,26,2,2,1,1,1,0,0,1,0,0,1,0,0,1,0
3,30,2,46,3,4,2,2,3,41,3,1,1,2,1,0,0,1,0,0,1,0,0,0,0
2,22,2,24,3,4,2,3,3,43,3,1,1,1,1,0,0,1,0,1,0,0,0,1,0
2,21,2,25,3,4,3,2,2,25,3,1,1,1,1,0,0,1,0,0,1,0,0,1,1
3,27,3,31,2,4,3,2,3,28,3,2,1,2,1,0,0,1,0,0,1,0,0,1,0
3,26,3,34,2,4,4,3,2,39,2,2,1,2,1,0,0,1,0,0,1,0,0,1,0
2,24,1,32,3,3,3,4,4,36,1,1,1,2,1,0,0,1,0,0,0,0,0,1,0
3,17,2,13,1,4,3,3,2,26,3,1,1,1,1,0,0,1,0,1,0,0,0,1,0
2,27,3,35,2,3,2,4,3,37,2,1,1,2,1,1,0,1,0,1,0,0,0,1,0
3,21,4,8,3,3,3,2,2,57,2,2,1,1,1,1,0,1,0,0,1,0,1,0,0
4,29,4,64,2,4,3,1,3,35,2,2,1,2,1,0,1,1,0,0,1,0,0,0,0
2,23,1,18,3,2,2,3,2,33,3,1,1,2,1,1,0,1,0,1,0,0,0,1,1
3,27,1,21,2,4,3,4,3,20,2,1,1,2,1,0,0,1,0,0,1,0,0,1,0
3,31,3,38,5,5,2,2,3,42,3,2,1,2,1,0,0,1,0,0,1,0,0,1,0
4,13,2,19,3,3,3,1,3,20,3,1,1,1,1,0,0,1,0,0,1,0,0,1,0
3,30,3,36,3,4,3,4,3,24,3,2,1,1,1,0,0,1,0,1,0,0,1,0,0
2,32,1,23,4,3,3,3,3,23,1,1,1,1,1,0,1,1,0,0,1,0,0,1,0
3,34,3,32,4,4,3,3,2,21,3,1,1,1,1,0,0,1,0,0,1,0,0,1,0
3,27,2,36,1,4,3,1,3,31,2,1,1,2,1,0,0,1,0,0,1,0,0,1,0
1,26,2,31,1,2,2,2,4,32,3,1,1,2,1,0,0,1,0,1,0,0,0,0,0
4,13,2,11,1,2,2,2,3,30,3,1,1,1,1,0,0,1,0,0,1,0,0,1,0
4,17,3,27,2,4,3,3,3,33,3,2,1,1,1,0,0,1,0,0,1,0,0,1,0
2,17,2,40,4,3,3,2,2,39,3,1,2,1,1,1,0,1,0,0,1,0,1,0,0
3,35,1,34,2,3,3,2,3,26,2,1,1,1,1,0,0,1,0,0,1,0,0,1,0
3,18,4,35,2,3,2,2,3,48,3,2,1,2,1,1,0,1,0,0,1,0,0,1,0
4,6,3,4,2,4,3,2,2,34,3,3,1,2,1,0,0,1,0,0,1,0,0,1,0
2,47,2,56,1,4,3,3,2,24,3,2,1,1,1,0,0,1,0,0,1,0,0,1,1
3,33,4,58,2,4,3,3,2,43,3,2,1,1,1,0,0,1,0,0,1,0,0,1,0
1,26,2,40,2,4,3,3,3,28,3,2,1,1,1,0,0,1,0,1,0,0,0,1,1
1,18,2,30,2,2,3,1,3,22,3,1,1,1,1,0,0,1,0,0,1,0,0,1,1
4,34,4,30,2,5,3,3,2,30,3,1,1,1,1,0,0,1,0,0,1,0,0,1,0
3,11,3,38,2,2,3,2,2,42,3,2,2,1,1,1,0,1,0,0,1,0,1,0,0
2,24,3,18,1,5,3,3,2,30,2,2,2,1,1,0,0,1,0,1,0,0,0,1,0
3,7,2,14,2,2,2,3,3,40,3,1,1,2,1,0,0,1,0,1,0,0,0,0,0
3,32,1,39,1,3,2,3,2,35,2,1,1,2,1,0,0,1,0,1,0,0,0,1,1
3,45,3,69,1,4,3,3,4,34,3,1,1,2,1,0,0,1,0,0,0,0,0,0,0
3,34,3,40,1,3,2,1,2,25,3,2,1,1,1,0,0,1,0,0,1,0,0,1,0
3,42,2,78,2,4,3,3,4,41,2,1,1,2,1,0,0,1,0,0,0,0,0,0,0
2,40,1,44,2,3,3,2,3,24,2,1,1,1,1,0,0,1,0,0,1,0,0,1,0
4,13,3,14,1,4,4,3,1,49,2,2,2,1,1,0,0,1,0,0,1,0,0,1,0
2,27,2,9,5,3,3,2,2,30,2,1,1,1,1,1,0,1,0,0,1,0,0,1,1
3,32,2,56,4,3,3,3,3,34,2,1,1,2,1,1,0,1,0,0,1,0,0,1,0
4,34,3,84,3,4,3,3,4,41,3,2,1,2,1,0,0,1,0,0,0,0,0,0,0
4,21,4,37,5,3,3,3,2,45,3,2,1,2,1,0,0,1,0,0,1,0,0,1,0
3,37,3,63,1,4,3,3,3,34,3,2,2,2,1,0,1,1,0,0,1,0,0,0,0
3,39,2,73,2,3,2,2,2,31,3,1,1,2,1,0,0,1,0,0,1,0,0,0,0
2,18,4,47,2,2,3,3,2,41,2,2,1,2,1,0,0,1,0,0,1,0,0,0,1
2,8,1,9,1,4,3,3,3,30,3,1,1,1,1,0,0,1,0,1,0,0,0,1,1
1,22,2,12,3,3,2,3,2,27,3,2,1,1,1,1,0,1,0,1,0,0,0,1,1
1,11,1,23,1,4,2,3,3,31,3,1,1,1,1,0,0,1,0,1,0,0,1,0,1
3,47,2,78,3,3,4,4,3,30,3,1,1,2,1,0,0,1,0,0,1,0,0,1,0
2,24,3,28,2,4,2,2,2,25,3,2,1,1,1,0,0,1,0,0,1,0,0,1,1
3,13,3,25,1,4,2,3,2,25,3,2,1,1,1,1,0,1,0,1,0,0,1,0,0
3,22,3,14,3,3,2,3,3,34,2,2,1,2,1,0,0,1,0,0,1,0,0,1,0
2,17,2,36,2,3,3,3,2,24,3,1,1,2,1,0,0,1,0,1,0,0,0,1,0
2,26,2,44,1,4,3,2,3,24,3,1,1,1,1,0,0,1,0,0,1,0,0,1,0
3,23,2,39,3,4,3,4,3,36,3,1,2,2,1,0,0,1,0,1,0,0,0,1,0
3,23,3,20,5,5,3,2,2,32,3,2,1,1,1,0,0,1,0,0,1,0,0,1,0
3,14,3,27,4,4,3,2,3,34,3,2,1,1,1,0,0,1,0,0,1,0,0,1,0
3,31,2,36,1,2,2,3,3,26,3,1,1,1,1,0,0,1,0,1,0,0,0,1,0
3,21,2,25,2,2,2,1,3,33,2,1,1,2,1,0,0,1,0,0,1,0,0,1,0
4,18,3,26,1,3,3,2,2,43,2,2,1,1,1,0,0,1,0,0,1,0,0,1,0
2,36,2,40,3,4,4,2,3,30,3,2,1,1,1,0,0,1,0,0,1,0,0,1,0
1,47,3,80,2,3,3,4,4,24,3,2,1,1,1,0,0,1,0,1,0,0,0,1,1
3,20,3,30,3,4,3,3,2,36,1,2,2,2,1,0,0,1,0,1,0,0,0,1,0
2,29,4,39,2,3,2,2,2,25,3,2,1,2,1,0,0,1,0,0,1,0,0,1,0
4,24,4,20,2,5,3,3,3,36,3,2,1,1,1,1,0,1,0,0,1,0,0,1,0
2,27,4,43,2,3,2,4,4,43,3,3,1,2,1,0,0,1,0,0,0,0,1,0,1
2,10,2,12,1,2,3,3,1,23,2,1,1,1,1,1,0,1,0,1,0,0,1,0,0
3,14,4,8,3,4,3,2,3,41,3,2,2,2,1,0,0,1,0,0,1,0,0,1,0
3,10,4,14,3,4,3,2,2,24,3,2,1,1,1,0,0,1,0,0,1,0,0,1,0
2,16,4,14,2,4,3,2,2,41,3,2,1,2,1,0,0,1,0,0,1,0,0,0,0
3,22,2,15,3,4,3,2,2,31,2,1,1,2,1,0,0,1,0,0,1,0,0,0,0
3,17,2,25,1,2,2,1,3,30,3,1,1,1,1,0,0,1,0,0,1,0,0,1,0
4,23,4,9,4,4,2,2,2,36,3,2,1,2,1,0,0,1,0,0,1,0,0,1,0
4,21,3,27,3,5,2,3,3,34,3,1,1,1,1,0,0,1,0,1,0,0,0,1,0
3,31,3,32,3,3,3,1,2,25,3,2,1,1,1,0,0,1,0,0,1,0,0,1,0
4,19,4,19,1,3,3,2,2,33,3,2,1,1,1,0,0,1,0,0,1,0,0,1,0
3,16,2,27,2,4,4,2,3,23,3,1,1,1,1,0,0,1,0,0,1,0,0,1,0
3,28,2,35,2,4,3,3,3,33,3,1,1,2,1,0,0,1,0,1,0,0,0,1,0
2,6,3,4,3,2,3,3,1,44,3,2,1,1,1,1,0,1,0,0,1,0,1,0,0
2,23,1,60,3,3,3,3,2,33,2,1,2,2,1,0,1,1,0,1,0,0,0,1,0
4,16,3,21,1,4,3,4,3,47,2,2,1,2,1,1,0,1,0,0,1,0,0,1,0
2,29,2,34,3,4,3,3,3,26,3,1,1,1,1,0,0,1,0,0,1,0,0,1,0
2,37,2,44,1,3,2,3,3,35,3,1,1,1,1,0,0,1,0,0,1,0,0,1,1
4,23,2,38,3,4,2,2,3,29,3,1,1,2,1,0,1,1,0,0,1,0,0,1,0
3,24,3,25,3,3,2,4,2,22,3,1,1,1,1,0,0,1,0,0,1,0,0,1,0
3,18,3,23,1,2,3,2,2,28,2,2,1,1,1,0,0,1,0,0,1,0,0,1,0
2,9,2,28,4,4,2,2,2,27,2,1,1,2,1,1,0,1,0,0,1,0,0,1,0
4,20,4,23,2,3,3,3,2,37,2,2,1,1,1,0,0,1,0,0,1,0,0,1,0
1,36,3,46,2,3,3,3,3,28,3,2,1,1,1,1,0,1,0,0,1,0,0,1,1
2,6,1,8,3,4,3,3,2,26,2,2,1,1,1,0,0,1,0,0,1,0,1,0,1
3,18,3,28,3,4,3,1,2,43,2,2,1,1,1,0,0,1,0,0,1,0,0,1,0
3,15,4,11,2,3,3,4,2,40,3,1,1,2,1,0,0,1,0,0,1,0,0,1,1
4,31,2,30,1,2,3,2,3,33,3,1,1,2,1,0,0,1,0,1,0,0,0,0,1
3,24,3,37,2,5,3,3,3,30,3,2,1,1,1,0,0,1,0,0,1,0,0,1,0
3,24,4,37,3,4,3,2,3,28,3,2,1,2,1,0,0,1,0,0,1,0,0,1,0
2,11,3,4,2,4,3,2,2,44,3,2,2,1,1,1,0,1,0,0,1,0,0,1,0
3,33,3,65,1,3,3,3,3,24,3,2,1,1,1,1,0,1,0,0,1,0,0,1,0
3,8,2,14,3,3,2,3,2,44,3,1,1,1,1,0,0,1,0,0,1,0,1,0,0
2,22,1,8,3,4,3,4,1,21,2,1,1,1,1,0,0,1,0,1,0,0,0,1,0
3,29,3,38,1,3,3,3,3,28,3,2,1,1,1,0,0,1,0,0,1,0,0,1,1
2,21,3,67,2,4,4,3,3,26,3,1,1,1,1,1,0,1,0,1,0,0,0,1,0
2,22,2,49,2,2,3,2,3,27,2,2,1,1,1,0,0,1,0,0,1,0,0,1,1
2,14,2,7,1,3,3,3,2,27,3,1,1,1,1,0,0,1,0,1,0,0,0,1,0
2,43,2,50,1,2,3,2,3,29,3,1,1,1,1,0,0,1,0,0,0,0,0,1,0
3,27,2,27,2,3,2,3,3,32,3,1,1,2,1,1,0,1,0,0,1,0,0,1,0
4,26,2,29,1,4,3,2,3,24,3,2,1,1,1,0,0,1,0,0,1,0,0,1,0
4,26,4,37,3,5,3,3,2,42,3,2,1,1,1,0,0,1,0,0,1,0,0,1,0
3,18,2,36,4,4,2,3,2,34,3,1,1,1,1,0,0,1,0,0,1,0,1,0,0
2,7,2,9,1,2,2,3,2,40,3,1,1,1,1,0,0,0,0,0,1,0,1,0,0
2,9,2,10,3,3,3,2,2,23,3,1,1,1,1,0,0,1,0,0,1,0,0,1,0
4,17,2,30,2,4,4,3,2,26,3,1,1,2,1,0,0,1,0,1,0,0,0,1,0
4,27,2,37,1,4,2,3,3,25,3,1,1,2,1,0,0,1,0,0,1,0,0,1,0
4,21,3,13,4,5,3,3,2,34,3,2,2,1,1,0,0,1,0,0,1,0,0,1,0
3,29,2,78,3,3,3,1,3,22,3,1,1,1,1,0,1,1,0,0,1,0,0,1,0
3,27,4,52,4,4,3,2,3,41,3,2,2,2,1,0,0,1,0,0,1,0,0,1,0
2,33,3,25,1,3,2,3,3,31,3,2,1,1,1,0,0,1,0,0,1,0,0,1,1
2,17,2,24,3,5,3,3,4,32,2,1,1,2,1,0,0,0,0,0,0,0,0,1,0
3,31,3,50,1,3,2,3,3,40,2,1,1,1,1,0,0,1,0,0,1,0,1,0,1
4,23,2,49,2,4,3,1,4,33,3,1,1,1,1,0,0,1,0,0,0,0,0,1,0
3,13,3,21,3,3,3,3,2,35,2,2,1,1,1,0,0,1,0,0,1,0,0,1,0
2,11,2,10,5,5,3,3,1,45,3,1,1,2,1,0,0,1,0,0,1,0,0,1,0
3,8,3,4,1,3,2,2,3,34,2,2,1,1,1,0,0,1,0,0,1,0,0,1,0
3,26,2,37,3,4,3,3,1,37,3,1,1,1,1,0,0,1,0,0,1,0,1,0,0
3,14,3,32,2,3,3,3,2,38,3,2,1,1,1,0,0,1,0,0,1,0,0,1,0
2,21,2,31,5,2,3,3,3,26,3,1,1,1,1,0,0,1,0,1,0,0,0,1,0
2,38,2,36,2,3,3,4,4,20,3,1,1,1,1,0,0,1,0,0,0,0,0,1,1
3,21,4,22,1,4,3,3,2,48,2,2,1,1,1,0,0,1,0,0,1,0,0,1,0
3,34,2,25,2,3,3,3,2,25,3,1,1,1,1,0,0,1,0,0,1,0,0,1,0
4,26,2,24,2,3,3,3,2,29,3,1,1,2,1,0,0,1,0,0,1,0,0,1,0
3,38,2,63,1,2,3,3,4,30,3,1,1,2,1,0,1,1,0,1,0,0,0,0,0
2,19,2,17,4,3,3,3,2,25,3,1,1,1,1,0,0,1,0,0,1,0,0,1,0
2,25,3,35,2,4,2,3,2,29,2,2,1,2,1,0,0,1,0,1,0,0,0,1,0
3,29,4,39,2,3,2,4,4,38,3,2,1,2,1,0,0,1,0,0,0,0,0,1,0
2,36,2,83,3,2,2,1,4,31,3,1,1,2,1,0,0,0,1,1,0,0,0,0,1
3,6,2,10,1,2,3,3,3,28,3,1,1,1,1,0,0,1,0,0,1,0,1,0,0
2,24,2,37,3,3,3,3,2,23,3,1,1,2,1,0,0,1,0,1,0,0,0,1,0
3,24,3,34,3,5,3,4,2,36,3,1,1,1,1,1,0,1,0,0,1,0,0,1,0
3,28,3,27,1,2,2,3,4,34,2,2,1,1,1,0,0,1,0,1,0,0,0,0,1
4,28,4,51,1,3,3,2,3,27,3,1,1,1,1,0,0,1,0,0,1,0,0,1,0
2,34,2,18,1,3,3,3,3,23,3,1,1,1,1,0,0,1,0,0,1,0,0,1,1
2,28,2,26,3,3,2,2,2,32,3,1,1,1,1,0,0,1,0,0,1,0,0,1,0
4,12,3,19,1,3,3,2,2,35,2,1,1,1,1,0,0,1,0,0,1,0,0,1,1
2,10,2,21,3,4,3,2,2,33,2,1,1,1,1,1,0,1,0,0,1,0,0,1,0
4,16,2,23,2,3,3,2,2,31,2,1,1,1,1,0,0,1,0,0,1,0,0,1,1
2,16,3,18,1,3,4,2,1,36,2,1,1,1,1,0,0,1,0,0,1,0,1,0,1
3,22,2,36,4,3,2,2,3,41,3,1,1,2,1,0,0,1,0,0,1,0,0,1,0
1,6,0,18,1,1,3,2,2,22,3,2,1,1,1,0,0,1,0,0,1,0,1,0,1
3,8,2,15,2,4,3,3,2,48,3,1,2,1,2,1,0,1,0,1,0,0,1,0,0
4,6,3,30,4,2,3,2,1,25,3,1,1,1,1,0,0,1,0,0,1,0,0,1,0
3,7,2,16,2,3,3,2,2,36,2,1,1,2,1,0,0,1,0,0,1,0,0,1,0
2,13,2,19,3,3,3,2,2,23,3,1,1,1,1,0,0,1,0,0,1,0,0,1,0
2,20,3,39,2,4,3,3,3,42,3,2,1,2,1,0,0,1,0,1,0,0,0,1,0
2,26,3,20,2,3,3,2,2,37,2,2,1,1,1,0,0,1,0,0,1,0,1,0,1
3,10,2,9,2,3,2,3,3,29,3,1,1,1,1,1,0,1,0,0,1,0,1,0,1
2,26,3,43,1,2,3,2,2,27,3,2,1,2,1,0,0,1,0,0,1,0,0,1,1
2,26,4,43,3,3,3,3,3,20,3,1,2,1,1,0,0,1,0,0,1,0,0,1,0
4,27,4,56,1,3,3,3,4,31,3,2,1,1,1,0,1,1,0,0,0,0,0,1,0
4,17,2,20,2,4,3,2,2,31,3,1,1,1,1,0,0,1,0,0,1,0,0,1,0
4,25,3,18,1,5,3,3,3,41,3,2,1,1,1,1,0,1,0,0,1,0,0,1,0
3,13,1,4,1,4,3,3,3,40,3,2,1,1,1,0,0,1,0,0,1,0,1,0,0
3,9,2,17,1,3,3,3,2,38,3,1,2,1,1,0,0,1,0,0,1,0,1,0,0
4,21,2,29,3,5,3,4,3,35,2,1,1,1,1,0,0,1,0,0,1,0,0,1,0
3,24,3,25,1,3,2,3,2,25,2,2,1,2,1,0,0,1,0,0,1,0,0,1,1
3,11,3,17,2,2,2,2,2,32,3,2,1,1,1,0,0,1,0,0,1,0,1,0,0
3,20,4,23,2,3,3,3,4,24,3,2,1,1,1,0,0,1,0,0,1,0,0,1,0
3,6,2,4,4,4,2,3,2,41,3,1,1,2,1,0,0,1,0,0,1,0,0,1,0
4,13,2,4,1,3,3,2,1,30,2,1,1,1,1,1,0,1,0,0,1,0,1,0,0
4,30,2,22,2,3,3,3,3,26,3,1,1,1,1,0,0,1,0,0,1,0,0,1,0
3,14,2,38,1,4,3,3,3,40,3,1,1,1,1,0,1,1,0,0,1,0,0,1,0
4,15,3,13,3,3,3,2,2,33,3,2,1,1,1,0,0,1,0,0,1,0,0,1,0
4,12,4,4,2,4,2,2,2,32,3,2,1,1,1,0,0,1,0,0,1,0,0,1,0
3,9,1,12,1,3,3,2,2,27,2,1,2,1,1,0,0,1,0,1,0,0,0,1,0
3,18,2,35,4,3,2,3,2,37,3,2,1,1,1,0,0,1,0,0,1,0,0,1,1
3,22,2,14,4,4,3,3,2,32,3,1,2,2,1,0,0,1,0,1,0,0,0,0,0
3,12,4,33,2,3,3,2,2,45,3,2,1,1,1,0,0,1,0,0,1,0,0,1,0
3,22,2,12,5,4,3,3,2,34,3,1,1,2,1,1,0,1,0,0,1,0,0,0,1
3,11,4,15,4,5,3,4,2,48,3,2,2,1,1,0,0,1,0,0,1,0,0,1,0
4,14,3,9,5,4,3,2,2,31,2,2,2,1,1,0,0,1,0,0,1,0,0,1,0
2,35,3,50,3,3,3,3,2,40,3,1,1,1,1,0,0,1,0,0,1,0,0,1,0
2,20,2,59,1,3,3,3,2,29,2,2,1,2,1,0,0,0,1,1,0,0,0,1,0
3,19,4,22,2,4,3,2,3,31,3,2,1,2,1,0,0,1,0,0,1,0,0,1,0
2,16,2,32,3,1,3,2,3,31,3,1,1,1,1,0,0,1,0,0,1,0,0,1,0
4,44,2,76,2,3,2,2,3,27,2,2,1,1,1,0,0,1,0,0,1,0,0,1,0
4,30,2,50,4,4,2,4,2,36,2,1,1,2,1,0,0,1,0,0,1,0,0,1,0
3,14,3,16,3,4,3,3,2,42,3,2,2,1,1,0,0,1,0,0,1,0,0,1,0
3,12,3,23,1,3,3,3,2,33,2,2,1,2,1,0,0,1,0,1,0,0,0,1,0
3,6,3,7,3,4,3,3,2,50,3,1,1,1,1,1,0,1,0,0,1,0,0,1,0
3,15,3,18,3,3,4,3,2,27,3,1,1,2,1,0,0,1,0,0,1,0,0,1,0
2,17,2,15,4,4,3,3,3,27,3,1,1,1,1,0,0,1,0,0,1,0,0,1,0
3,12,2,4,2,4,3,1,1,30,2,1,1,1,1,0,0,1,0,0,1,0,0,1,0
3,18,2,38,2,4,3,4,2,28,3,2,1,2,1,0,0,1,0,1,0,0,0,1,0
2,44,2,34,5,4,3,2,2,40,2,2,2,2,1,1,0,1,0,0,1,0,0,1,0
3,26,2,26,2,3,3,3,3,24,2,1,1,1,1,0,0,1,0,0,1,0,0,1,0
3,14,2,7,3,5,3,4,3,38,3,1,1,1,1,0,0,1,0,0,1,0,1,0,0
3,22,1,33,4,4,3,2,3,33,2,1,1,1,1,0,0,1,0,0,1,0,0,1,0
4,12,2,23,2,4,3,4,3,40,3,1,1,2,1,0,0,1,0,0,1,0,0,1,0
3,20,3,25,1,2,2,2,1,24,3,1,1,1,1,1,0,1,0,1,0,0,0,1,0
3,20,2,20,3,3,2,1,4,24,2,1,1,1,1,0,0,1,0,0,1,0,0,1,0
3,23,3,57,3,3,3,4,3,21,3,2,1,1,1,0,0,1,0,1,0,0,0,1,0
4,11,2,22,2,3,3,2,1,34,3,1,1,1,1,0,0,1,0,0,1,0,1,0,0
3,27,2,32,2,2,2,2,3,33,2,1,1,1,1,0,0,1,0,1,0,0,0,1,0
3,24,3,22,1,4,3,3,3,22,3,2,1,2,1,0,0,1,0,0,1,0,0,1,0
3,34,4,53,2,4,3,2,3,31,3,2,1,1,1,0,0,0,1,1,0,0,0,1,0
4,16,2,25,5,5,3,2,1,45,3,1,1,2,1,1,0,1,0,0,1,0,0,1,0
4,26,4,28,3,5,3,3,2,37,3,2,1,2,1,1,0,1,0,0,1,0,0,1,0
3,10,1,13,2,4,3,3,2,30,3,1,1,1,1,0,0,1,0,0,1,0,1,0,0
3,21,3,34,2,3,3,3,3,22,3,2,1,2,1,0,0,1,0,0,1,0,0,1,0
3,19,3,44,1,4,3,3,2,39,2,2,1,1,1,0,0,1,0,1,0,0,1,0,0
3,30,2,20,3,3,2,3,3,30,2,1,1,1,1,0,0,1,0,0,1,0,0,0,0
3,19,3,22,3,4,2,4,3,24,3,1,1,1,1,0,0,1,0,1,0,0,0,1,0
4,11,3,24,4,4,2,2,2,45,3,1,1,2,1,0,0,1,0,0,1,0,0,1,0
2,20,3,24,2,3,3,2,2,26,3,2,1,1,1,0,0,1,0,0,1,0,0,1,0
2,16,2,19,3,3,3,3,3,26,3,1,1,1,1,0,1,1,0,1,0,0,0,1,0
3,15,4,34,2,3,3,2,3,32,3,2,1,2,1,0,0,1,0,0,1,0,0,1,0
4,24,3,17,2,4,3,3,3,43,3,2,1,2,1,1,0,1,0,0,1,0,0,1,0
3,16,2,28,1,3,2,3,2,48,1,2,1,1,1,0,0,1,0,0,1,0,1,0,0
3,13,4,4,2,3,2,3,3,39,3,2,1,1,1,0,0,1,0,0,1,0,0,1,0
4,39,4,76,2,3,3,2,4,35,3,1,1,2,1,0,0,1,0,0,0,0,0,1,0
2,17,3,10,3,3,3,1,2,27,3,2,1,1,1,0,0,1,0,0,1,0,0,1,0
3,23,4,61,1,3,3,3,3,34,3,2,1,2,1,0,0,1,0,0,1,0,0,1,0
4,29,3,48,2,4,3,3,3,25,3,2,1,1,1,0,0,1,0,0,1,0,0,1,0
3,44,2,38,2,3,2,3,4,30,3,1,1,1,1,0,0,1,0,0,0,0,0,1,0
3,18,2,22,1,2,3,3,2,34,3,1,1,1,1,0,0,1,0,1,0,0,1,0,1
2,48,3,67,2,4,3,4,4,37,3,1,1,1,1,0,0,1,0,0,0,0,0,1,1
4,26,2,4,2,4,3,1,3,29,1,2,1,1,1,0,0,1,0,0,1,0,0,1,0
4,21,2,30,4,3,3,2,2,33,2,1,2,2,1,0,0,1,0,0,1,0,0,1,0
2,16,3,30,2,3,3,3,2,37,2,2,1,1,1,0,0,0,1,1,0,0,1,0,1
2,18,2,57,2,3,3,2,3,26,3,2,1,1,1,0,0,1,0,0,1,0,0,1,0
3,18,2,13,2,4,3,1,3,33,2,1,1,1,1,0,0,1,0,0,1,0,0,1,0
2,24,2,23,3,4,3,1,4,28,2,1,1,1,1,1,0,1,0,0,1,0,0,1,0
4,20,3,19,4,5,3,2,3,35,2,1,1,1,1,0,0,1,0,0,1,0,0,1,0
3,12,2,11,2,4,3,3,4,48,2,1,2,1,1,0,0,1,0,0,0,0,0,1,0
4,10,3,42,1,4,3,3,3,35,3,1,1,1,1,0,0,1,0,0,1,0,0,1,0
3,37,2,45,1,4,3,2,2,30,3,1,1,1,1,0,0,1,0,0,1,0,0,1,0
2,34,3,77,2,3,2,3,2,34,3,2,1,2,1,0,0,1,0,0,1,0,0,0,0
3,22,3,8,1,4,3,3,3,29,2,2,1,2,1,1,0,1,0,0,1,0,0,1,0
3,10,3,17,1,4,3,3,2,25,3,1,1,2,1,0,0,1,0,1,0,0,0,1,0
3,28,3,43,2,5,3,2,3,34,2,2,2,2,1,0,0,1,0,0,1,0,0,0,0
3,19,2,18,1,3,3,2,2,23,3,1,1,1,1,0,0,1,0,0,1,0,1,0,0
3,11,2,14,4,4,2,4,2,52,3,1,1,2,1,0,0,1,0,0,1,0,0,1,0
2,15,2,19,3,4,2,1,2,26,3,1,1,1,1,0,0,1,0,0,1,0,0,1,0
3,12,2,21,1,5,3,3,2,34,3,1,1,2,1,0,0,1,0,1,0,0,0,1,0
3,15,1,46,2,2,2,3,2,40,2,1,1,2,1,0,0,1,0,0,1,0,0,0,1
2,19,3,33,5,2,3,2,3,30,3,1,1,1,1,1,0,1,0,0,1,0,0,1,0
3,32,1,27,1,4,2,2,3,28,2,1,1,1,1,0,0,1,0,0,1,0,0,1,0
4,10,2,14,1,3,2,2,1,22,3,1,1,1,1,0,0,1,0,0,1,0,0,1,0
3,22,0,37,1,2,2,3,3,26,2,2,1,2,1,0,0,1,0,0,1,0,0,1,0
3,25,2,26,3,3,2,2,2,30,2,1,1,1,1,0,0,1,0,0,1,0,0,1,0
4,8,4,4,2,3,2,2,3,32,2,2,1,1,1,0,0,1,0,0,1,0,0,1,1
2,25,3,31,4,4,3,3,4,36,2,2,2,1,1,0,0,1,0,0,1,0,0,1,0
2,29,4,72,3,5,2,4,3,50,3,2,2,2,1,0,1,1,0,0,1,0,0,0,0
3,20,4,18,2,5,3,3,4,60,3,2,1,1,1,0,0,1,0,0,0,0,0,1,0
2,32,2,52,4,3,3,3,3,27,3,1,1,1,1,0,1,1,0,1,0,0,0,1,0
3,32,3,32,2,3,2,2,3,25,2,1,1,1,1,0,0,1,0,1,0,0,1,0,1
3,6,3,5,1,2,2,1,1,29,2,2,1,1,1,0,0,1,0,0,1,0,0,1,0
3,7,4,7,3,4,3,2,1,30,3,2,1,1,1,0,0,1,0,0,1,0,0,1,0
3,25,3,23,3,4,3,3,2,40,2,2,1,1,1,0,0,1,0,0,1,0,1,0,0
3,6,2,4,1,3,2,2,3,43,3,1,1,1,1,0,0,1,0,0,1,0,1,0,0
3,27,3,46,1,3,3,4,2,29,3,2,1,2,1,0,0,1,0,1,0,0,0,0,1
2,35,3,74,1,4,2,3,4,43,3,1,2,2,1,0,1,1,0,0,0,0,0,0,0
4,16,2,14,4,5,2,2,3,26,3,1,1,1,1,0,0,1,0,0,1,0,0,1,0
3,30,3,34,1,3,2,2,3,20,3,2,1,1,1,0,0,1,0,0,1,0,1,0,1
2,51,2,56,1,3,3,3,4,34,2,1,1,1,1,1,0,1,0,1,0,0,0,1,1
4,20,2,30,4,4,3,2,3,32,3,1,1,2,1,0,1,1,0,0,1,0,0,1,0
4,28,1,16,1,4,3,2,2,32,2,1,2,2,1,0,0,1,0,0,1,0,0,0,0
2,6,2,10,3,2,3,3,2,28,3,1,1,2,1,0,0,1,0,1,0,0,0,0,0
3,29,3,55,3,4,3,4,3,35,3,2,1,2,1,0,0,1,0,1,0,0,0,1,0
4,22,4,21,1,3,2,2,1,31,3,2,1,1,1,1,0,1,0,0,1,0,0,1,0
3,30,2,45,1,4,3,2,3,25,2,1,1,1,1,0,0,0,1,0,1,0,0,1,0
3,13,4,12,4,4,2,2,3,27,3,2,1,2,1,0,0,1,0,0,1,0,0,1,0
4,11,3,28,2,3,2,2,2,33,2,2,1,1,1,0,0,1,0,0,1,0,1,0,0
3,15,3,36,1,4,2,4,2,41,3,1,1,1,1,1,0,1,0,1,0,0,0,1,0
1,32,2,48,2,4,3,2,3,43,3,1,2,1,1,1,0,1,0,0,1,0,0,1,1
3,13,3,15,3,3,3,3,2,36,3,2,1,1,1,0,0,1,0,0,1,0,0,1,0
2,19,3,49,2,4,3,4,3,28,2,2,1,2,1,0,0,1,0,1,0,0,0,1,0
3,22,4,4,4,4,3,2,2,36,2,2,2,2,1,0,0,1,0,0,1,0,0,1,0
2,39,2,52,2,2,2,3,3,36,2,1,1,2,1,0,0,1,0,0,1,0,0,1,1
4,9,4,8,1,2,2,2,1,34,3,2,1,1,1,1,0,1,0,0,1,0,1,0,0
3,29,3,32,2,4,2,2,3,25,2,1,1,2,1,0,0,1,0,0,1,0,0,1,0
2,25,2,26,2,3,3,3,3,30,2,1,1,2,1,0,0,1,0,0,1,0,0,1,0
2,37,2,58,1,4,3,2,3,33,3,1,1,2,1,0,0,1,0,0,1,0,0,1,0
2,31,3,34,3,3,3,2,3,28,3,1,1,1,1,0,0,1,0,0,1,0,0,1,0
3,15,3,22,3,4,3,3,2,26,2,2,1,2,1,0,0,1,0,1,0,0,0,1,0
3,26,3,41,1,4,2,2,3,28,3,2,1,1,1,0,0,1,0,0,1,0,0,1,0
3,6,3,4,1,4,2,3,3,52,3,2,1,2,1,1,0,1,0,0,1,0,0,1,0
3,15,3,25,1,2,2,1,3,28,3,1,1,1,1,0,0,1,0,0,1,0,0,1,0
3,20,2,20,2,3,3,3,2,30,2,1,1,1,1,1,0,1,0,1,0,0,0,1,0
3,28,2,29,3,3,3,3,2,22,3,1,1,1,1,0,0,1,0,0,1,0,0,1,0
2,17,4,52,4,3,2,3,3,37,3,2,1,2,1,1,0,1,0,0,1,0,0,1,0
2,8,1,13,3,4,2,3,2,39,3,1,1,1,1,0,0,1,0,0,1,0,0,1,1
2,17,2,16,1,3,2,3,3,31,3,1,2,1,1,0,0,1,0,0,1,0,1,0,0
2,12,2,19,3,5,2,3,2,41,3,1,1,1,1,0,0,1,0,0,1,0,0,1,0
2,12,1,4,2,3,3,2,2,45,2,1,1,1,1,1,0,1,0,0,1,0,1,0,1
4,11,4,17,1,3,3,2,1,32,3,2,1,2,1,0,0,1,0,0,1,0,1,0,0
4,26,4,37,3,5,3,3,3,33,2,2,2,1,1,0,0,1,0,0,1,0,1,0,0
2,24,1,24,2,2,3,3,1,26,2,1,1,1,1,0,0,1,0,1,0,0,0,1,1
2,24,2,20,5,4,2,4,2,20,3,1,1,1,1,0,0,1,0,1,0,0,0,1,0
4,29,3,63,1,3,4,2,3,31,3,2,1,2,1,0,0,1,0,0,1,0,0,1,0
1,10,4,11,1,4,3,3,2,29,3,2,1,1,2,0,0,0,0,0,1,0,0,1,0
3,22,2,12,4,5,3,4,2,40,3,1,1,2,1,0,1,1,0,1,0,0,0,1,0
2,21,4,27,4,4,3,2,3,29,3,2,1,2,1,0,0,1,0,0,1,0,0,1,0
3,17,3,16,3,5,3,2,2,42,3,2,1,2,1,0,0,1,0,0,1,0,0,1,0
3,47,3,70,3,3,3,1,2,21,3,2,1,1,1,0,0,1,0,0,1,0,0,1,0
2,28,3,36,2,3,2,2,3,33,2,2,1,2,1,0,0,1,0,0,1,0,0,0,0
2,16,2,45,1,5,2,3,2,44,3,1,2,1,1,1,0,1,0,1,0,0,1,0,0
3,18,2,4,2,3,3,3,2,20,3,1,1,2,1,0,0,1,0,0,1,0,0,1,0
3,36,3,47,1,3,3,4,4,28,3,1,1,2,1,1,0,1,0,0,0,0,0,0,1
4,21,2,30,3,4,3,2,3,32,3,1,1,1,1,0,0,1,0,0,1,0,0,1,0
3,12,2,15,2,4,1,2,3,38,3,1,1,2,1,0,0,1,0,0,1,0,0,1,0
4,15,4,6,1,3,2,3,3,30,3,2,1,1,1,0,0,1,0,0,1,0,0,1,0
3,22,3,41,4,3,3,3,2,44,3,2,2,2,1,0,0,1,0,0,1,0,0,1,0
2,25,4,61,2,4,3,2,3,37,2,2,1,2,1,0,0,1,0,0,1,0,0,1,0
3,14,3,21,2,5,3,4,2,51,2,2,1,1,1,0,0,1,0,0,1,0,0,1,0
4,19,4,23,1,3,3,3,2,28,2,1,1,1,1,0,0,1,0,0,1,0,0,1,1
2,12,3,11,1,3,2,3,2,23,3,2,1,1,1,0,0,1,0,0,1,0,0,1,0
3,7,4,15,3,4,3,2,2,32,2,2,1,1,1,0,0,1,0,0,1,0,1,0,0
2,11,2,8,1,4,3,3,2,26,3,2,1,1,1,1,0,1,0,1,0,0,0,1,1
3,14,2,35,3,3,3,2,2,21,3,1,1,1,1,0,0,1,0,0,1,0,0,1,0
3,26,3,46,2,3,2,3,3,35,3,3,1,2,1,0,0,1,0,0,1,0,1,0,0
3,33,2,93,4,4,2,3,3,21,3,1,1,1,1,0,0,1,0,0,1,0,0,1,0
4,29,3,43,3,4,2,3,3,38,3,2,1,2,1,0,0,1,0,0,1,0,1,0,0
3,20,1,45,2,3,2,4,2,24,1,1,1,1,1,0,0,1,0,0,1,0,1,0,0
3,17,3,38,2,3,3,2,2,32,3,2,1,1,1,0,0,1,0,0,1,0,0,1,0
2,32,3,55,3,4,3,3,4,39,3,2,1,2,1,0,1,1,0,0,0,0,0,0,0
2,15,2,39,1,1,3,3,3,33,3,1,1,2,1,0,0,1,0,1,0,0,0,0,0
2,8,4,21,1,3,3,1,1,41,2,2,2,1,1,0,0,1,0,0,1,0,1,0,0
4,23,4,26,1,4,3,3,3,38,3,1,1,2,1,1,0,1,0,0,1,0,0,1,0
2,24,2,25,3,3,3,2,2,24,3,1,1,2,1,0,0,1,0,0,1,0,0,1,0
2,14,2,26,3,1,3,2,3,30,3,1,1,1,1,0,0,1,0,0,1,0,0,0,0
3,21,1,19,2,3,3,3,2,37,2,1,1,2,1,0,0,1,0,0,1,0,0,1,0
3,28,3,29,1,3,2,2,3,31,3,2,1,1,1,0,0,1,0,0,1,0,0,1,0
4,36,4,61,1,4,3,3,4,34,3,2,1,2,1,0,1,1,0,0,0,0,0,0,0
3,35,2,15,2,3,2,4,3,26,3,1,1,1,1,0,0,1,0,0,1,0,0,1,0
3,37,1,56,2,4,3,4,3,35,2,1,1,1,1,0,0,1,0,1,0,0,0,1,0
3,10,3,16,2,3,3,2,2,27,3,2,1,1,1,0,0,1,0,0,1,0,0,1,0
4,48,3,65,4,3,3,2,4,35,3,1,1,2,1,0,0,1,0,0,0,0,0,1,0
3,12,2,16,3,3,2,4,2,36,3,1,1,2,1,1,0,1,0,0,1,0,0,1,0
3,23,2,25,2,4,3,2,2,31,2,1,1,1,1,0,0,1,0,0,1,0,1,0,0
4,39,3,77,3,4,3,2,3,27,2,2,1,1,1,0,0,1,0,1,0,0,0,1,0
3,7,4,17,2,1,2,3,2,46,3,2,1,2,1,0,0,1,0,0,1,0,0,0,0
3,17,3,46,2,3,3,3,1,39,3,2,1,1,1,0,0,1,0,0,1,0,0,1,0
4,11,4,18,1,4,3,3,1,42,3,2,1,1,1,0,0,1,0,0,1,0,1,0,0
3,24,4,11,4,5,3,3,3,29,3,2,1,2,1,0,0,1,0,0,1,0,0,1,0
3,35,1,32,2,3,3,2,2,31,2,1,1,1,1,0,0,1,0,0,1,0,0,1,0
1,18,2,42,1,3,3,2,2,23,3,1,1,2,1,0,0,1,0,0,1,0,0,1,1
2,54,2,89,3,4,3,2,4,34,3,1,1,2,1,0,0,1,0,0,0,0,0,0,0
4,16,2,18,1,3,3,2,3,28,3,1,1,2,1,0,0,1,0,0,1,0,0,1,0
3,40,2,63,2,4,3,2,2,29,2,1,1,1,1,0,0,1,0,0,1,0,0,1,0
4,16,4,10,5,3,3,2,2,33,3,2,1,1,1,1,0,1,0,0,1,0,0,1,0
2,24,3,34,2,4,3,1,3,28,2,1,1,2,1,0,0,1,0,0,1,0,0,1,0
4,32,4,61,2,5,3,3,2,35,3,2,1,1,1,0,0,1,0,0,1,0,0,1,0
3,20,3,41,2,2,3,2,2,40,3,2,1,1,1,0,0,1,0,0,1,0,0,1,1
3,9,3,4,2,2,2,3,2,43,3,2,1,1,1,0,0,1,0,0,1,0,0,1,0
4,6,4,13,3,5,3,3,2,45,3,2,1,2,1,0,0,1,0,1,0,0,0,1,0
2,9,2,37,2,4,3,3,2,36,3,1,1,2,1,0,0,1,0,0,1,0,0,1,0
2,44,3,67,2,2,3,2,1,23,3,2,1,1,1,0,0,1,0,0,1,0,1,0,1
3,10,2,20,3,3,2,3,2,34,3,1,2,1,1,0,0,1,0,0,1,0,1,0,0
3,16,2,30,2,3,3,3,2,30,2,1,1,1,1,1,0,1,0,1,0,0,0,1,0
3,27,2,35,2,3,3,2,3,27,3,1,1,1,1,1,0,1,0,0,1,0,0,1,0
4,13,3,4,3,3,2,3,3,45,3,2,1,2,1,1,0,1,0,0,1,0,0,1,0
4,24,2,23,1,4,3,1,4,34,2,1,1,1,1,0,0,1,0,0,0,0,0,1,0
3,9,4,4,1,3,2,3,1,57,3,2,1,1,1,0,0,1,0,0,1,0,1,0,0
3,12,2,34,3,3,3,3,2,26,2,1,1,1,1,0,0,1,0,1,0,0,0,1,0
3,20,2,39,1,4,2,2,3,33,3,1,1,1,1,0,0,1,0,0,1,0,0,1,0
4,10,3,71,3,4,3,2,2,28,3,2,1,1,1,1,0,1,0,0,1,0,0,1,0
2,58,3,95,4,3,3,2,4,26,2,1,1,2,1,0,0,1,0,0,0,0,0,1,0
4,26,3,44,1,4,3,2,3,31,3,2,1,2,1,0,0,1,0,0,1,0,0,1,0
2,22,3,36,1,3,2,4,3,22,3,2,1,1,1,0,0,0,1,1,0,0,0,1,1
4,20,3,16,2,4,3,3,3,33,3,1,1,2,1,0,0,1,0,1,0,0,0,1,0
3,29,1,35,2,4,2,4,1,25,2,1,1,1,1,0,0,1,0,1,0,0,1,0,0
3,17,3,23,2,3,3,4,1,38,3,1,1,1,1,0,0,0,1,0,1,0,0,1,0
3,35,2,61,1,2,3,2,4,35,2,1,1,2,1,0,1,1,0,0,0,0,0,0,0
2,37,2,66,2,2,2,2,3,23,3,1,1,1,1,1,0,0,1,1,0,0,0,0,1
3,10,2,12,1,3,3,2,1,32,3,1,1,1,1,0,0,1,0,0,1,0,1,0,0
3,19,3,13,4,4,3,3,2,38,3,1,1,1,1,0,0,1,0,0,1,0,0,1,0
3,10,3,5,3,3,3,2,2,41,1,2,1,1,1,1,0,1,0,0,1,0,1,0,0
3,22,3,31,3,4,3,2,2,30,2,1,1,1,1,0,0,1,0,0,1,0,0,1,0
3,36,3,58,1,3,3,2,3,27,3,2,1,1,1,0,0,1,0,0,1,0,0,1,0
4,12,2,19,2,5,3,1,2,35,3,1,1,1,1,0,0,1,0,0,1,0,0,1,0
2,21,2,31,2,3,3,4,2,31,3,1,1,2,1,0,0,1,0,1,0,0,0,1,0
2,34,2,30,2,2,3,2,2,29,3,1,1,1,1,0,0,1,0,0,1,0,1,0,1
3,35,3,69,2,3,3,3,3,32,2,1,1,2,1,0,0,1,0,0,1,0,0,1,0
3,18,2,21,1,3,2,3,2,30,3,1,1,1,1,0,0,1,0,1,0,0,1,0,1
3,31,4,69,5,2,3,2,4,29,3,2,1,1,1,0,0,1,0,0,1,0,0,0,0
3,6,3,21,2,4,3,3,2,40,3,2,1,2,1,0,0,1,0,0,1,0,0,1,0
2,27,2,25,2,3,2,4,3,28,3,1,1,1,1,1,0,1,0,1,0,0,0,1,1
1,25,1,45,1,3,3,3,1,31,1,1,2,1,1,0,0,1,0,0,1,0,1,0,0
4,18,3,43,3,5,3,2,2,44,3,2,1,1,1,0,0,1,0,0,1,0,0,1,0
3,27,2,34,3,3,3,2,3,33,3,1,1,2,1,0,0,1,0,0,1,0,0,1,0
2,41,3,79,1,3,3,3,4,41,2,1,1,2,1,0,0,1,0,0,0,0,0,0,1
2,32,2,57,3,4,2,2,3,37,3,1,1,1,1,0,0,1,0,0,1,0,0,1,0
1,27,2,29,2,3,2,1,3,29,2,1,1,1,1,0,0,1,0,0,1,0,0,0,0
3,33,2,12,2,3,4,2,2,28,2,1,1,1,1,0,0,1,0,0,1,0,0,1,0
4,6,3,4,1,4,2,3,2,47,3,2,1,2,1,1,0,1,0,0,1,0,0,1,0
4,34,3,45,1,4,3,3,3,27,3,2,1,2,1,0,0,1,0,0,1,0,0,0,0
3,40,4,64,1,2,2,4,3,25,2,1,1,1,1,0,0,1,0,0,1,0,1,0,0
2,35,3,100,3,4,3,3,4,32,3,2,2,2,1,0,0,0,1,1,0,0,0,1,0
3,22,2,37,2,4,3,2,2,28,2,1,1,1,1,0,0,0,1,0,1,0,1,0,0
2,9,3,17,2,5,3,2,2,44,2,2,1,1,1,0,0,1,0,0,1,0,0,1,0
3,26,3,4,3,5,3,2,2,37,2,2,1,1,1,0,0,1,0,0,1,0,0,1,0
3,25,3,43,1,2,3,1,3,24,2,2,1,1,1,0,0,1,0,0,1,0,0,1,0
3,6,3,15,2,4,2,3,2,43,3,2,1,1,1,0,0,1,0,1,0,0,0,1,0
1,25,2,29,2,3,2,4,3,27,3,2,1,1,1,1,0,1,0,1,0,0,0,1,1
2,17,3,36,3,2,3,3,1,38,3,2,2,1,1,1,0,1,0,0,1,0,1,0,0
3,12,3,16,4,4,3,3,2,36,3,2,1,1,1,0,0,1,0,0,1,0,0,1,0
4,32,2,26,2,3,2,3,4,24,3,1,1,1,1,0,1,1,0,0,1,0,0,1,0
2,22,4,14,3,4,2,3,3,40,3,1,1,2,1,0,0,1,0,0,1,0,0,1,0
2,45,3,78,2,2,2,3,3,28,3,1,1,2,1,0,0,1,0,1,0,0,0,1,1
2,17,3,8,2,4,3,3,2,29,3,2,1,2,1,1,0,1,0,1,0,0,0,1,0
3,13,2,15,2,3,3,2,2,43,3,1,1,2,1,0,0,1,0,0,1,0,0,1,0
2,8,1,78,2,3,3,2,1,25,2,1,1,1,1,1,0,1,0,1,0,0,1,0,1
3,16,3,16,4,4,3,4,2,38,3,2,1,2,1,0,0,1,0,0,1,0,0,1,0
4,39,3,67,3,4,3,3,3,34,3,2,1,2,1,0,0,1,0,0,1,0,0,1,0
1,9,2,9,1,3,1,3,3,31,3,1,1,1,1,0,0,1,0,0,1,0,0,1,1
2,8,2,44,2,3,3,2,2,36,3,1,1,1,1,0,0,1,0,0,1,0,1,0,0
2,14,3,4,2,3,4,3,1,29,2,2,1,1,1,0,0,1,0,0,1,0,1,0,0
3,13,4,47,1,3,2,2,3,35,3,2,1,2,1,1,0,1,0,0,1,0,0,0,0
4,39,3,49,2,3,3,2,3,35,3,2,1,2,1,0,0,1,0,0,1,0,0,1,0
2,24,4,103,2,5,2,3,4,42,3,2,1,2,1,0,1,1,0,0,0,0,0,0,0
2,41,3,43,3,3,3,3,3,27,3,2,1,1,1,0,0,1,0,1,0,0,0,1,1
3,15,4,16,1,4,3,1,2,30,2,2,1,1,1,0,0,1,0,0,1,0,0,1,0
3,12,3,12,2,4,3,2,2,27,3,2,1,1,1,0,0,1,0,0,1,0,1,0,0
2,35,3,51,1,3,2,2,3,32,2,2,1,1,1,0,0,1,0,0,1,0,0,1,0
3,14,2,20,2,4,2,3,2,20,3,1,1,1,1,0,0,1,0,0,1,0,0,1,0
2,21,2,30,2,4,3,1,3,30,2,1,1,2,1,1,0,1,0,0,1,0,0,1,0
4,17,4,4,4,4,2,2,2,35,3,2,1,2,1,0,0,1,0,0,1,0,0,1,0
2,26,3,73,1,4,3,3,3,44,3,2,2,2,1,0,1,1,0,0,1,0,0,0,0
4,20,3,24,1,4,3,3,3,34,2,2,1,2,1,0,1,1,0,0,1,0,0,1,0
2,25,2,44,3,4,2,2,3,37,2,1,1,2,1,0,0,1,0,0,1,0,0,0,0
3,18,4,38,2,4,2,2,2,22,3,2,1,2,1,0,0,1,0,0,1,0,0,1,0
3,15,3,15,2,3,3,4,3,26,3,2,1,1,1,0,0,1,0,1,0,0,0,1,0
3,23,3,41,2,4,2,4,3,46,3,2,1,2,1,0,0,1,0,1,0,0,0,1,0
3,17,3,45,2,3,2,4,2,39,3,2,1,2,1,1,0,1,0,0,1,0,0,0,0
3,10,2,10,3,4,2,3,2,37,3,2,1,1,1,0,0,1,0,0,1,0,0,1,0
3,10,4,21,2,3,2,4,4,40,3,2,1,2,1,1,0,1,0,0,1,0,0,1,0
2,18,4,21,3,3,3,3,2,35,3,2,1,2,1,0,0,1,0,0,1,0,0,1,0
4,11,2,8,3,3,2,3,3,36,3,1,1,2,1,0,0,1,0,1,0,0,0,1,0
4,18,3,13,2,4,3,2,1,35,2,2,1,2,1,0,0,1,0,0,1,0,0,1,1
3,31,3,64,1,2,3,2,3,34,3,1,1,1,1,0,0,1,0,0,1,0,0,1,0
4,13,3,24,3,3,2,2,2,34,3,2,2,1,1,0,0,1,0,0,1,0,1,0,0
2,32,2,18,1,3,1,4,2,24,3,1,1,1,1,0,0,1,0,1,0,0,0,1,1
2,23,1,37,1,3,2,3,2,36,2,1,1,2,1,0,0,1,0,0,1,0,0,1,1
2,7,2,4,3,3,3,2,2,35,2,1,1,1,1,0,0,1,0,0,1,0,1,0,0
2,24,4,20,2,3,3,3,2,20,3,2,1,2,1,0,0,1,0,1,0,0,0,1,1
3,18,3,20,2,3,2,4,3,36,3,2,1,2,1,1,0,1,0,0,1,0,0,1,0
3,31,3,36,1,3,2,2,2,26,3,2,1,2,1,0,0,1,0,0,1,0,0,1,0
2,29,3,55,2,4,3,4,4,30,3,2,1,2,1,0,1,1,0,1,0,0,0,0,0
3,33,2,47,2,2,3,2,2,40,2,1,2,2,1,0,0,1,0,0,1,0,0,0,1
